"ZIP","TotReturns","Adj_AGI","Avg_AGI","Indx"
10001,13300,258282.85,19.42,2.97
10002,43460,288645.52,6.64,1.89
10003,29360,1039011.42,35.39,3.57
10004,2420,264348.01,109.23,4.69
10005,5580,1408851.5,252.48,5.53
10006,2310,78374.21,33.93,3.52
10007,3440,663829.61,192.97,5.26
10009,31920,284443.87,8.91,2.19
10010,17210,675614.2,39.26,3.67
10011,30690,1469898.06,47.9,3.87
10012,12920,421750.73,32.64,3.49
10013,15340,1164387.92,75.91,4.33
10014,19170,953342.59,49.73,3.91
10016,31020,1065760.19,34.36,3.54
10017,11640,1028783.66,88.38,4.48
10018,6070,512381.68,84.41,4.44
10019,24510,1202842.06,49.08,3.89
10021,24030,3116243.87,129.68,4.87
10022,19710,2223963.17,112.83,4.73
10023,34110,2570984.24,75.37,4.32
10024,30870,2111582.74,68.4,4.23
10025,46680,861855.05,18.46,2.92
10026,17590,128764.77,7.32,1.99
10027,26380,188254.45,7.14,1.97
10028,25350,1829058.99,72.15,4.28
10029,33850,249446.77,7.37,2
10030,12920,92753.95,7.18,1.97
10031,28300,200681.21,7.09,1.96
10032,29860,211378.74,7.08,1.96
10033,26530,180623.75,6.81,1.92
10034,20000,138115.5,6.91,1.93
10035,15090,106310.01,7.05,1.95
10036,17740,470210.07,26.51,3.28
10037,10090,77719.3,7.7,2.04
10038,11680,169517.74,14.51,2.67
10039,13100,94798.35,7.24,1.98
10040,21140,147617.12,6.98,1.94
10044,4160,47517.63,11.42,2.44
10065,15680,2257284.28,143.96,4.97
10069,2660,496167.93,186.53,5.23
10075,14170,1261051.12,88.99,4.49
10128,32670,2054185.17,62.88,4.14
10162,720,60060.01,83.42,4.42
10280,4040,178440.88,44.17,3.79
10282,2580,462807.6,179.38,5.19
10301,17180,140694.97,8.19,2.1
10302,7550,55380.84,7.34,1.99
10303,11470,82433.64,7.19,1.97
10304,18730,144550.42,7.72,2.04
10305,18650,158866.21,8.52,2.14
10306,25870,263369.55,10.18,2.32
10307,6180,75309.36,12.19,2.5
10308,13030,150410.5,11.54,2.45
10309,14450,173616.64,12.01,2.49
10310,10970,90118.06,8.21,2.11
10312,28120,334595,11.9,2.48
10314,39230,383417.66,9.77,2.28
10451,21940,164453.37,7.5,2.01
10452,34980,270120.67,7.72,2.04
10453,36080,278266.44,7.71,2.04
10454,14990,113493.37,7.57,2.02
10455,16700,129268.26,7.74,2.05
10456,37900,296247.87,7.82,2.06
10457,30820,235481.41,7.64,2.03
10458,32090,239678.78,7.47,2.01
10459,20620,159610.37,7.74,2.05
10460,24390,184069.74,7.55,2.02
10461,22900,179393.38,7.83,2.06
10462,37600,289274.99,7.69,2.04
10463,32570,255850.65,7.86,2.06
10464,2180,24053.88,11.03,2.4
10465,19250,167141.08,8.68,2.16
10466,31060,228878.35,7.37,2
10467,41710,310441.79,7.44,2.01
10468,34230,254854.75,7.45,2.01
10469,30510,225438.13,7.39,2
10470,7270,55468.6,7.63,2.03
10471,9830,165584.79,16.84,2.82
10472,26740,197164.13,7.37,2
10473,27060,199674.73,7.38,2
10474,4650,36553.94,7.86,2.06
10475,21530,186112.88,8.64,2.16
10501,650,16640.74,25.6,3.24
10502,2870,80346.5,28,3.33
10504,5350,1054988.03,197.19,5.28
10505,530,11563.13,21.82,3.08
10506,2780,419528.89,150.91,5.02
10507,2670,57573.14,21.56,3.07
10509,9680,112339.72,11.61,2.45
10510,4790,356321.63,74.39,4.31
10511,1120,11693.01,10.44,2.35
10512,12220,149679,12.25,2.51
10514,5450,961952.83,176.51,5.17
10516,2710,42519.48,15.69,2.75
10518,750,23180.76,30.91,3.43
10520,6290,134711.03,21.42,3.06
10522,5190,104277.16,20.09,3
10523,4730,45277.82,9.57,2.26
10524,2070,43725.38,21.12,3.05
10526,1040,31152.03,29.95,3.4
10527,450,14161.99,31.47,3.45
10528,5710,219610.06,38.46,3.65
10530,7120,132317.59,18.58,2.92
10532,2610,38557.39,14.77,2.69
10533,3790,206984.38,54.61,4
10535,370,3833.64,10.36,2.34
10536,5330,347628.87,65.22,4.18
10537,1180,11068.29,9.38,2.24
10538,8040,898855.22,111.8,4.72
10541,12180,158398.48,13,2.56
10543,9560,245832.86,25.71,3.25
10546,730,32545.11,44.58,3.8
10547,3560,41682.04,11.71,2.46
10548,1590,19452.65,12.23,2.5
10549,8140,286444.73,35.19,3.56
10550,17780,131884.88,7.42,2
10552,10580,103141.76,9.75,2.28
10553,5480,41795.97,7.63,2.03
10560,2130,97357.62,45.71,3.82
10562,15410,154266.48,10.01,2.3
10566,11970,94969.91,7.93,2.07
10567,9310,155315.57,16.68,2.81
10570,5930,193528.08,32.64,3.49
10573,18930,192946.03,10.19,2.32
10576,2500,212015.99,84.81,4.44
10577,1520,489708.89,322.18,5.78
10578,450,6302.22,14,2.64
10579,4320,60977.71,14.12,2.65
10580,7990,1414762.59,177.07,5.18
10583,18840,2227620.53,118.24,4.77
10588,1280,16162.75,12.63,2.54
10589,4490,89864.38,20.01,3
10590,3180,101783.97,32.01,3.47
10591,11480,159139.62,13.86,2.63
10594,2520,44764.33,17.76,2.88
10595,3150,56824.16,18.04,2.89
10597,520,52773.08,101.49,4.62
10598,14180,263060.33,18.55,2.92
10601,5970,90615.9,15.18,2.72
10603,9720,98219.09,10.1,2.31
10604,5490,81612.93,14.87,2.7
10605,10170,264964.48,26.05,3.26
10606,8100,72020.95,8.89,2.18
10607,3900,47404.65,12.16,2.5
10701,27820,200796.62,7.22,1.98
10703,10070,79886.57,7.93,2.07
10704,16340,146822.16,8.99,2.2
10705,17300,124269.85,7.18,1.97
10706,4400,131565.21,29.9,3.4
10707,5030,77749.71,15.46,2.74
10708,11440,564480.2,49.34,3.9
10709,4730,95376.36,20.16,3
10710,13760,150576.51,10.94,2.39
10801,18070,142893.83,7.91,2.07
10803,5940,297650.12,50.11,3.91
10804,7130,418659.4,58.72,4.07
10805,9120,76998.31,8.44,2.13
10901,11620,169137.84,14.56,2.68
10913,2510,51101.63,20.36,3.01
10916,2130,29793.89,13.99,2.64
10917,1020,12254.9,12.01,2.49
10918,5370,63433.71,11.81,2.47
10919,600,5928.1,9.88,2.29
10920,4430,57842.36,13.06,2.57
10921,2110,23766.12,11.26,2.42
10923,4740,41652.11,8.79,2.17
10924,5830,71545.04,12.27,2.51
10925,2570,25877.45,10.07,2.31
10926,1930,18962.96,9.83,2.29
10927,5900,42155.93,7.15,1.97
10928,2220,18379.52,8.28,2.11
10930,4320,62490.14,14.47,2.67
10931,480,4319.87,9,2.2
10940,22490,175313.18,7.8,2.05
10941,6720,59660.07,8.88,2.18
10950,16630,160197.27,9.63,2.26
10952,12130,121763.25,10.04,2.31
10954,12190,142059.04,11.65,2.46
10956,15880,290947.05,18.32,2.91
10958,1600,16427.11,10.27,2.33
10960,7670,92832.21,12.1,2.49
10962,2510,38100.22,15.18,2.72
10963,1200,11927.03,9.94,2.3
10964,760,27648.63,36.38,3.59
10965,7410,111809.18,15.09,2.71
10968,1250,30326.17,24.26,3.19
10969,600,6837.7,11.4,2.43
10970,5130,56341.44,10.98,2.4
10973,1100,11479.04,10.44,2.35
10974,1510,17716.37,11.73,2.46
10975,160,2301.13,14.38,2.67
10976,810,6969.32,8.6,2.15
10977,24230,176150.66,7.27,1.98
10980,6990,79471.73,11.37,2.43
10983,2900,49128.55,16.94,2.83
10984,1290,18422.57,14.28,2.66
10985,190,2385.34,12.55,2.53
10986,900,11975.95,13.31,2.59
10987,1650,54183.22,32.84,3.49
10989,4990,67417.73,13.51,2.6
10990,9630,120955.45,12.56,2.53
10992,4780,57977.63,12.13,2.5
10993,2440,19071.79,7.82,2.06
10994,3780,84994.58,22.49,3.11
10996,1190,11932.61,10.03,2.31
10998,1530,17807.83,11.64,2.45
11001,13620,166085.02,12.19,2.5
11003,22720,179577.59,7.9,2.07
11004,6630,64296.49,9.7,2.27
11005,1410,28326.51,20.09,3
11010,12130,133997.79,11.05,2.4
11020,2950,106508.76,36.1,3.59
11021,9180,265425.05,28.91,3.36
11023,3900,121839.37,31.24,3.44
11024,3150,233207.42,74.03,4.3
11030,8550,938379.11,109.75,4.7
11040,20640,286103.22,13.86,2.63
11050,14660,499560.55,34.08,3.53
11096,3760,26634.57,7.08,1.96
11101,14100,108806.9,7.72,2.04
11102,18920,139113.66,7.35,1.99
11103,20620,154983.46,7.52,2.02
11104,15080,112007.4,7.43,2.01
11105,19410,151959.78,7.83,2.06
11106,21590,160904.11,7.45,2.01
11109,2830,77365.75,27.34,3.31
11201,29840,784244.27,26.28,3.27
11203,36190,272012.8,7.52,2.02
11204,31460,219596.46,6.98,1.94
11205,17780,134100.03,7.54,2.02
11206,34230,253626.36,7.41,2
11207,39630,291355.39,7.35,1.99
11208,40780,304866.95,7.48,2.01
11209,33240,290809.07,8.75,2.17
11210,28500,225423.06,7.91,2.07
11211,29530,225477.81,7.64,2.03
11212,35900,271452.95,7.56,2.02
11213,27570,201077.36,7.29,1.99
11214,37860,259146.39,6.84,1.92
11215,35630,514656.11,14.44,2.67
11216,26650,198216.69,7.44,2.01
11217,18250,243381.74,13.34,2.59
11218,32160,229521.66,7.14,1.97
11219,32400,235164.39,7.26,1.98
11220,50490,369036.59,7.31,1.99
11221,35060,257960.13,7.36,2
11222,22040,181093.86,8.22,2.11
11223,30770,226618.65,7.36,2
11224,19040,129396.83,6.8,1.92
11225,29260,220224.48,7.53,2.02
11226,49110,366496.32,7.46,2.01
11228,18300,142588.1,7.79,2.05
11229,34460,258026.72,7.49,2.01
11230,33340,252832.53,7.58,2.03
11231,16780,234188.55,13.96,2.64
11232,12290,86186.95,7.01,1.95
11233,29000,213176.44,7.35,1.99
11234,40530,340806.77,8.41,2.13
11235,36270,258090.04,7.12,1.96
11236,45200,338661.58,7.49,2.01
11237,22470,168870.87,7.52,2.02
11238,29100,257027.77,8.83,2.18
11239,6660,53652.63,8.06,2.09
11354,27300,172555.67,6.32,1.84
11355,45910,299556.17,6.52,1.87
11356,11260,78648.26,6.98,1.94
11357,19080,194361.36,10.19,2.32
11358,17890,137359.11,7.68,2.04
11360,9790,119396.37,12.2,2.5
11361,13420,116358.67,8.67,2.16
11362,8570,92692.51,10.82,2.38
11363,3410,49155.71,14.42,2.67
11364,17090,156140.43,9.14,2.21
11365,19910,154094.57,7.74,2.05
11366,6600,57779.78,8.75,2.17
11367,17940,133106.07,7.42,2
11368,48160,348892.13,7.24,1.98
11369,17160,121189.19,7.06,1.95
11370,13060,90921.25,6.96,1.94
11372,35000,238117.35,6.8,1.92
11373,49240,336582.7,6.84,1.92
11374,22040,172771.54,7.84,2.06
11375,35180,399897.96,11.37,2.43
11377,43880,298107.73,6.79,1.92
11378,16850,128088.36,7.6,2.03
11379,17220,154215.61,8.96,2.19
11385,47040,336273.92,7.15,1.97
11411,10400,83594.66,8.04,2.08
11412,17950,136608.93,7.61,2.03
11413,20390,158094.96,7.75,2.05
11414,12590,117159.41,9.31,2.23
11415,9490,80450.29,8.48,2.14
11416,11580,83673.6,7.23,1.98
11417,14100,101841.87,7.22,1.98
11418,16580,116856.05,7.05,1.95
11419,22280,161483.55,7.25,1.98
11420,21360,157343.72,7.37,2
11421,19420,138458.05,7.13,1.96
11422,15600,122257.05,7.84,2.06
11423,14750,108820.51,7.38,2
11426,8920,80363.22,9.01,2.2
11427,11210,89617.23,7.99,2.08
11428,9860,73574.31,7.46,2.01
11429,12640,94991.85,7.52,2.02
11430,200,1755.8,8.78,2.17
11432,27020,186315.99,6.9,1.93
11433,15080,110108.87,7.3,1.99
11434,30170,234902.38,7.79,2.05
11435,25080,177588.94,7.08,1.96
11436,8780,65590.8,7.47,2.01
11501,10370,111407.25,10.74,2.37
11507,3700,65321.65,17.65,2.87
11509,1380,50188.49,36.37,3.59
11510,17230,185328.25,10.76,2.38
11514,2470,27812.65,11.26,2.42
11516,3300,55559.82,16.84,2.82
11518,5430,67689.35,12.47,2.52
11520,22850,169682.69,7.43,2.01
11530,13710,617219,45.02,3.81
11542,13280,122516.01,9.23,2.22
11545,5970,467952.31,78.38,4.36
11548,660,11778.15,17.85,2.88
11550,27340,191186.78,6.99,1.94
11552,12490,124868.98,10,2.3
11553,13920,102301.74,7.35,1.99
11554,19310,222490.83,11.52,2.44
11557,4100,135367.94,33.02,3.5
11558,3940,40191.5,10.2,2.32
11559,3750,332432.56,88.65,4.48
11560,3380,204246.53,60.43,4.1
11561,18620,224113.46,12.04,2.49
11563,11330,130662.68,11.53,2.44
11565,4720,75325.15,15.96,2.77
11566,17950,322848.94,17.99,2.89
11568,1700,366426.03,215.54,5.37
11570,14060,319381.07,22.72,3.12
11572,15570,208653.72,13.4,2.6
11575,8690,62517.77,7.19,1.97
11576,6230,446790.3,71.72,4.27
11577,5870,180127.85,30.69,3.42
11579,2550,49898.82,19.57,2.97
11580,20760,192306.4,9.26,2.23
11581,10420,124292.76,11.93,2.48
11590,24370,207526.62,8.52,2.14
11596,5320,91791.78,17.25,2.85
11598,5870,201456.01,34.32,3.54
11691,21820,153707.87,7.04,1.95
11692,7990,57116.72,7.15,1.97
11693,5360,40532.6,7.56,2.02
11694,8180,94514.44,11.55,2.45
11697,1940,29243.52,15.07,2.71
11701,14130,108137.96,7.65,2.03
11702,7540,108779.94,14.43,2.67
11703,9030,88586.78,9.81,2.28
11704,20210,180426.26,8.93,2.19
11705,3960,61762.23,15.6,2.75
11706,31200,243336.06,7.8,2.05
11709,3450,48910.44,14.18,2.65
11710,17520,242736.9,13.85,2.63
11713,5090,43827.38,8.61,2.15
11714,12330,132893.69,10.78,2.38
11715,2340,33264.67,14.22,2.65
11716,5460,60314.03,11.05,2.4
11717,31240,245880.18,7.87,2.06
11718,1750,52266.21,29.87,3.4
11719,1630,20086.16,12.32,2.51
11720,14190,147490.7,10.39,2.34
11721,3250,83502.98,25.69,3.25
11722,18540,140758.32,7.59,2.03
11724,1710,134371.02,78.58,4.36
11725,14240,223132.23,15.67,2.75
11726,10770,79480.22,7.38,2
11727,14180,137445.32,9.69,2.27
11729,14410,130134.07,9.03,2.2
11730,7250,96039.02,13.25,2.58
11731,14730,208153.46,14.13,2.65
11732,1810,39399.93,21.77,3.08
11733,8550,395430.09,46.25,3.83
11735,16940,179942.88,10.62,2.36
11738,8140,81704.29,10.04,2.31
11740,4590,69239.92,15.08,2.71
11741,14310,166366.44,11.63,2.45
11742,6910,74995.54,10.85,2.38
11743,21830,523498.82,23.98,3.18
11746,32710,403147.39,12.32,2.51
11747,10500,375938.36,35.8,3.58
11749,1800,15513.51,8.62,2.15
11751,7530,85342.45,11.33,2.43
11752,5110,53490.7,10.47,2.35
11753,6410,291182.61,45.43,3.82
11754,9170,124877.71,13.62,2.61
11755,6080,75098.56,12.35,2.51
11756,22480,248471.65,11.05,2.4
11757,23100,210029.77,9.09,2.21
11758,28020,374471.57,13.36,2.59
11762,11480,179395.77,15.63,2.75
11763,14710,130172.23,8.85,2.18
11764,6140,111018.61,18.08,2.89
11765,320,91236.31,285.11,5.65
11766,6100,108786.51,17.83,2.88
11767,6980,102950.26,14.75,2.69
11768,10850,262361.99,24.18,3.19
11769,4920,62583.37,12.72,2.54
11771,5010,252188.68,50.34,3.92
11772,22090,186508.92,8.44,2.13
11776,11800,119190.55,10.1,2.31
11777,4580,101589.12,22.18,3.1
11778,6010,65209.97,10.85,2.38
11779,19090,194573.67,10.19,2.32
11780,7520,244449.08,32.51,3.48
11782,7870,112271.68,14.27,2.66
11783,10750,161649.16,15.04,2.71
11784,11990,110409.24,9.21,2.22
11786,3100,53770.12,17.35,2.85
11787,16790,296758.78,17.67,2.87
11788,8340,121719.74,14.59,2.68
11789,3600,39721.67,11.03,2.4
11790,6720,123851.3,18.43,2.91
11791,12000,479293.79,39.94,3.69
11792,4180,65796.52,15.74,2.76
11793,16310,252156.98,15.46,2.74
11795,12830,175977.15,13.72,2.62
11796,1840,23860.94,12.97,2.56
11797,4620,261589.34,56.62,4.04
11798,7880,58550.65,7.43,2.01
11801,20930,201005.31,9.6,2.26
11803,14070,292647.83,20.8,3.03
11804,2530,48510.03,19.17,2.95
11901,12180,90858.22,7.46,2.01
11933,3380,33876,10.02,2.3
11934,3790,46899.96,12.37,2.52
11935,1850,24366.8,13.17,2.58
11937,8810,124980.37,14.19,2.65
11939,540,6440.99,11.93,2.48
11940,2700,32933.49,12.2,2.5
11941,1340,16556.13,12.36,2.51
11942,2460,28826.09,11.72,2.46
11944,2360,19021.7,8.06,2.09
11946,7290,59176.23,8.12,2.09
11948,590,7295.43,12.37,2.52
11949,6730,87120.15,12.95,2.56
11950,7470,57029.24,7.63,2.03
11951,6190,47394.22,7.66,2.04
11952,2590,29823.27,11.51,2.44
11953,6530,59617.6,9.13,2.21
11954,2720,23650.88,8.7,2.16
11955,1730,15838.35,9.16,2.21
11957,490,7325.3,14.95,2.7
11958,500,4847.2,9.69,2.27
11961,6570,59106.23,9,2.2
11963,4260,57967.17,13.61,2.61
11967,12390,103501.91,8.35,2.12
11968,5280,75629.4,14.32,2.66
11971,3140,36561.26,11.64,2.45
11976,1200,61402.75,51.17,3.94
11977,1270,17684.98,13.93,2.63
11978,1860,24403.24,13.12,2.57
11980,2190,23938.14,10.93,2.39
12007,120,1757.22,14.64,2.68
12008,240,3791.54,15.8,2.76
12009,3660,37207.25,10.17,2.32
12010,13050,95355.96,7.31,1.99
12015,1680,15293.64,9.1,2.21
12017,190,2876.1,15.14,2.72
12018,3770,39968.9,10.6,2.36
12019,7600,97380.35,12.81,2.55
12020,15730,148786.21,9.46,2.25
12022,420,3297.14,7.85,2.06
12023,1000,9154.38,9.15,2.21
12025,2710,21345.03,7.88,2.06
12027,2000,26714.58,13.36,2.59
12028,590,4912.88,8.33,2.12
12029,500,6229.8,12.46,2.52
12031,110,1291.86,11.74,2.46
12032,490,4209.1,8.59,2.15
12033,4040,40593.56,10.05,2.31
12035,420,3180.98,7.57,2.02
12036,110,1446.22,13.15,2.58
12037,1780,13467.61,7.57,2.02
12041,280,2559.79,9.14,2.21
12042,240,2268.03,9.45,2.25
12043,3120,23124.91,7.41,2
12046,360,3692.26,10.26,2.33
12047,9920,78021.74,7.87,2.06
12051,1780,14177.61,7.96,2.07
12052,730,7231.91,9.91,2.29
12053,2140,21551.59,10.07,2.31
12054,8780,124634.11,14.2,2.65
12056,1170,12297.19,10.51,2.35
12057,740,5952.65,8.04,2.08
12058,640,5468.85,8.55,2.15
12059,830,9344.41,11.26,2.42
12060,660,6559.4,9.94,2.3
12061,4930,54146.46,10.98,2.4
12062,840,7508.14,8.94,2.19
12063,300,4427.67,14.76,2.69
12064,220,1747.63,7.94,2.07
12065,21850,255514.07,11.69,2.46
12066,980,9338.33,9.53,2.25
12067,790,7132.98,9.03,2.2
12068,1360,11124.87,8.18,2.1
12070,630,5179.46,8.22,2.11
12071,120,1158.14,9.65,2.27
12072,1210,10336.73,8.54,2.14
12074,1470,13890.32,9.45,2.25
12075,1490,13133.58,8.81,2.18
12076,570,4519.71,7.93,2.07
12077,3140,43085.96,13.72,2.62
12078,9870,70882.15,7.18,1.97
12083,1880,16779.99,8.93,2.19
12084,2320,25128.75,10.83,2.38
12085,240,2200.55,9.17,2.22
12086,990,8991.65,9.08,2.21
12087,630,5461.51,8.67,2.16
12090,2610,20037.39,7.68,2.04
12092,540,4298.66,7.96,2.07
12093,680,5266.11,7.74,2.05
12094,1070,10001.89,9.35,2.24
12095,5640,42741.77,7.58,2.03
12106,1330,12899.08,9.7,2.27
12108,210,2215.61,10.55,2.36
12110,10230,98575.13,9.64,2.27
12116,810,6235.5,7.7,2.04
12117,1560,11791.5,7.56,2.02
12118,7380,67170.07,9.1,2.21
12120,260,2462.96,9.47,2.25
12121,940,8773.44,9.33,2.23
12122,1870,14269.65,7.63,2.03
12123,2570,22870.63,8.9,2.19
12125,740,6765.27,9.14,2.21
12130,550,4583.61,8.33,2.12
12131,100,1714.4,17.14,2.84
12134,1720,14270.05,8.3,2.12
12136,410,5562.26,13.57,2.61
12137,890,8525.77,9.58,2.26
12138,1360,12143.39,8.93,2.19
12139,130,1898.46,14.6,2.68
12140,880,9279.8,10.55,2.36
12143,2500,20236.43,8.09,2.09
12144,10430,87916.83,8.43,2.13
12147,300,3678.06,12.26,2.51
12148,2360,37562.54,15.92,2.77
12149,940,7429.03,7.9,2.07
12150,460,3914.49,8.51,2.14
12151,410,4377.82,10.68,2.37
12153,480,5025.32,10.47,2.35
12154,1440,13233.24,9.19,2.22
12155,730,5746.44,7.87,2.06
12156,440,4406.6,10.02,2.3
12157,1820,14787,8.12,2.09
12158,3120,31330.06,10.04,2.31
12159,4280,84696.23,19.79,2.99
12160,430,3653.14,8.5,2.14
12164,270,2459.95,9.11,2.21
12165,210,3181.54,15.15,2.72
12166,650,5117.95,7.87,2.06
12167,1140,8619.17,7.56,2.02
12168,950,7629.6,8.03,2.08
12169,150,1659.46,11.06,2.4
12170,2520,21197.23,8.41,2.13
12173,750,6805.45,9.07,2.2
12175,350,2814.58,8.04,2.08
12176,90,1242.21,13.8,2.62
12180,22860,171269.16,7.49,2.01
12182,7050,52695.45,7.47,2.01
12183,1410,12016.65,8.52,2.14
12184,3200,31485.37,9.84,2.29
12185,950,8064.72,8.49,2.14
12186,3360,40731.09,12.12,2.49
12187,430,3106.23,7.22,1.98
12188,5900,51869.98,8.79,2.17
12189,8940,70934.33,7.93,2.07
12190,360,3094.2,8.59,2.15
12192,690,6120.67,8.87,2.18
12193,1050,9215.14,8.78,2.17
12194,100,1450.8,14.51,2.67
12196,1580,17119.12,10.83,2.38
12197,950,7181.64,7.56,2.02
12198,3960,39436.78,9.96,2.3
12202,4220,32417.24,7.68,2.04
12203,13370,120985.49,9.05,2.2
12204,3810,33892.81,8.9,2.19
12205,14800,123975.29,8.38,2.13
12206,7030,50525.19,7.19,1.97
12207,710,5234.98,7.37,2
12208,9990,81365.07,8.14,2.1
12209,5240,40456.09,7.72,2.04
12210,4650,34285.75,7.37,2
12211,6010,107414.21,17.87,2.88
12302,14080,135471.32,9.62,2.26
12303,14690,119372.64,8.13,2.1
12304,10150,75399.94,7.43,2.01
12305,1850,14112.15,7.63,2.03
12306,13380,110499.55,8.26,2.11
12307,2790,22382.01,8.02,2.08
12308,6190,44610.14,7.21,1.98
12309,15110,204995.99,13.57,2.61
12401,15850,115942.4,7.31,1.99
12404,1680,12778.88,7.61,2.03
12405,310,2328.2,7.51,2.02
12406,310,2444.01,7.88,2.06
12407,120,1512.17,12.6,2.53
12409,480,4174.03,8.7,2.16
12410,160,2052.38,12.83,2.55
12411,260,2101.81,8.08,2.09
12412,360,2900.33,8.06,2.09
12413,1350,10229.45,7.58,2.03
12414,4520,34291.77,7.59,2.03
12416,100,1265.4,12.65,2.54
12418,250,2520.76,10.08,2.31
12419,370,4042.5,10.93,2.39
12421,170,2098.53,12.34,2.51
12422,170,1415.78,8.33,2.12
12423,500,3725.42,7.45,2.01
12424,110,1610.93,14.64,2.68
12427,220,2016.75,9.17,2.22
12428,2490,17656.29,7.09,1.96
12430,450,3482.81,7.74,2.05
12431,680,5944.77,8.74,2.17
12433,230,2824.68,12.28,2.51
12434,320,2643.14,8.26,2.11
12435,200,1893.3,9.47,2.25
12439,190,1847.03,9.72,2.27
12440,960,7895.69,8.22,2.11
12442,470,4174.14,8.88,2.18
12443,2050,21323.68,10.4,2.34
12444,140,1453.5,10.38,2.34
12446,2200,16890.31,7.68,2.04
12448,110,1617.47,14.7,2.69
12449,1650,13687.98,8.3,2.12
12451,820,6459.71,7.88,2.06
12454,120,1541.7,12.85,2.55
12455,740,5705.55,7.71,2.04
12456,410,3315.79,8.09,2.09
12457,270,2719.16,10.07,2.31
12458,1060,8366.51,7.89,2.07
12460,150,1835,12.23,2.5
12461,800,6844.23,8.56,2.15
12463,750,6262.31,8.35,2.12
12464,460,3641.57,7.92,2.07
12465,100,1539.6,15.4,2.73
12466,1590,13634.75,8.58,2.15
12468,470,3411.39,7.26,1.98
12469,290,2366.75,8.16,2.1
12470,230,1891.15,8.22,2.11
12472,840,6740.14,8.02,2.08
12473,420,3340.74,7.95,2.07
12474,580,4500.8,7.76,2.05
12477,8710,66945.48,7.69,2.04
12480,270,2473,9.16,2.21
12481,690,6358.98,9.22,2.22
12482,350,3008.19,8.59,2.15
12484,1460,14075.67,9.64,2.27
12485,500,4003.96,8.01,2.08
12486,740,7924.51,10.71,2.37
12487,1360,11276.11,8.29,2.12
12491,1010,8195.08,8.11,2.09
12492,120,1600.94,13.34,2.59
12494,350,3574.43,10.21,2.32
12495,160,2478.81,15.49,2.74
12496,690,5670.99,8.22,2.11
12498,2410,22837.85,9.48,2.25
12501,1040,8384.1,8.06,2.09
12502,480,5686.46,11.85,2.47
12503,300,4419.47,14.73,2.69
12508,8550,70870.34,8.29,2.12
12513,600,5941.63,9.9,2.29
12514,1340,16240.25,12.12,2.49
12515,780,6481.8,8.31,2.12
12516,740,6589.98,8.91,2.19
12517,200,2283.7,11.42,2.44
12518,2870,33105.34,11.53,2.44
12520,1670,21539.24,12.9,2.56
12521,750,6042.13,8.06,2.09
12522,2240,18127.64,8.09,2.09
12523,850,7449.48,8.76,2.17
12524,7560,84921.33,11.23,2.42
12525,1760,17062.4,9.69,2.27
12526,1820,14804.28,8.13,2.1
12528,6440,58626.36,9.1,2.21
12529,1120,8786.22,7.84,2.06
12531,1560,19375.24,12.42,2.52
12533,12050,172222.88,14.29,2.66
12534,7570,54605.86,7.21,1.98
12538,6400,58092.88,9.08,2.21
12540,3670,53119.65,14.47,2.67
12542,2940,27572.4,9.38,2.24
12543,1380,11939.28,8.65,2.16
12545,2270,30108.7,13.26,2.58
12546,1390,11197.1,8.06,2.09
12547,1400,12534.22,8.95,2.19
12548,790,7553.74,9.56,2.26
12549,4960,53059.49,10.7,2.37
12550,24460,183041.05,7.48,2.01
12553,11950,110894.87,9.28,2.23
12561,7010,66929.06,9.55,2.26
12563,3540,35800.52,10.11,2.31
12564,3380,43378.33,12.83,2.55
12565,790,5805.45,7.35,1.99
12566,4830,45406.28,9.4,2.24
12567,1310,12306.81,9.39,2.24
12569,5000,49789.99,9.96,2.3
12570,3360,49835.66,14.83,2.7
12571,4530,43095.94,9.51,2.25
12572,4370,57539.6,13.17,2.58
12575,1120,13459.64,12.02,2.49
12577,960,11925.54,12.42,2.52
12578,1120,13148.27,11.74,2.46
12580,1870,19795.39,10.59,2.36
12581,1030,9756.22,9.47,2.25
12582,2250,29656.38,13.18,2.58
12583,1040,8730.78,8.39,2.13
12585,460,5231.59,11.37,2.43
12586,6010,54221.85,9.02,2.2
12589,6650,59023.4,8.88,2.18
12590,17710,175702.54,9.92,2.29
12592,570,5488.82,9.63,2.26
12594,1910,15886.05,8.32,2.12
12601,17070,124003.86,7.26,1.98
12603,20580,207444.78,10.08,2.31
12701,4440,31469.16,7.09,1.96
12719,450,3884.48,8.63,2.16
12720,150,3183.27,21.22,3.05
12721,2900,26004.41,8.97,2.19
12723,710,6429.01,9.05,2.2
12725,180,2198.43,12.21,2.5
12726,500,4758.4,9.52,2.25
12729,850,6219.36,7.32,1.99
12732,370,4067.34,10.99,2.4
12733,240,2165.74,9.02,2.2
12734,540,4439.8,8.22,2.11
12737,810,7437.9,9.18,2.22
12738,130,1695.66,13.04,2.57
12740,960,9104.12,9.48,2.25
12741,170,1582.33,9.31,2.23
12742,200,1677.9,8.39,2.13
12743,150,1880.54,12.54,2.53
12745,110,1588.93,14.44,2.67
12746,560,4307.92,7.69,2.04
12747,820,6162.53,7.52,2.02
12748,940,8081.69,8.6,2.15
12750,120,1170.25,9.75,2.28
12751,430,2982.09,6.94,1.94
12752,140,1702,12.16,2.5
12754,2890,20735.97,7.18,1.97
12758,1730,13794.78,7.97,2.08
12759,760,4759.22,6.26,1.83
12760,210,1886.16,8.98,2.19
12762,260,2179.24,8.38,2.13
12763,390,3006.34,7.71,2.04
12764,740,5730.7,7.74,2.05
12765,440,4483.51,10.19,2.32
12766,170,1312,7.72,2.04
12768,420,3647.27,8.68,2.16
12770,110,1256.79,11.43,2.44
12771,6110,45948.41,7.52,2.02
12775,1260,12517.82,9.93,2.3
12776,890,7550.52,8.48,2.14
12777,340,4436.56,13.05,2.57
12779,980,7635.09,7.79,2.05
12780,1080,9588.68,8.88,2.18
12783,590,4680.08,7.93,2.07
12786,340,3164.52,9.31,2.23
12787,270,2058.66,7.62,2.03
12788,940,7807.99,8.31,2.12
12789,690,5542.68,8.03,2.08
12790,2190,17856.83,8.15,2.1
12791,370,3331.66,9,2.2
12792,210,2056.55,9.79,2.28
12801,7610,53939.75,7.09,1.96
12803,4040,31242.8,7.73,2.05
12804,13430,113164.09,8.43,2.13
12808,180,2111.1,11.73,2.46
12809,1620,12753.73,7.87,2.06
12810,320,2377.1,7.43,2.01
12814,900,6893.19,7.66,2.04
12815,530,4544.1,8.57,2.15
12816,2140,16005.5,7.48,2.01
12817,1130,9320.93,8.25,2.11
12819,130,1600.36,12.31,2.51
12821,160,1470.12,9.19,2.22
12822,2780,21822.54,7.85,2.06
12823,160,1671.38,10.45,2.35
12824,400,4944.07,12.36,2.51
12827,1870,14931.98,7.99,2.08
12828,4730,35757.16,7.56,2.02
12831,8260,81671.09,9.89,2.29
12832,2700,20555.65,7.61,2.03
12833,2170,19527.55,9,2.2
12834,3150,25322.11,8.04,2.08
12835,1230,9833.07,7.99,2.08
12836,280,2829.38,10.1,2.31
12837,360,2578.92,7.16,1.97
12838,330,2579.07,7.82,2.06
12839,6380,47436.72,7.44,2.01
12842,600,4519.53,7.53,2.02
12843,250,1942.84,7.77,2.05
12844,160,4922.62,30.77,3.43
12845,2580,21597.86,8.37,2.12
12846,1620,12290.39,7.59,2.03
12847,360,3001.12,8.34,2.12
12849,330,2632.68,7.98,2.08
12850,1390,11962.49,8.61,2.15
12851,160,1645.5,10.28,2.33
12852,230,1898.56,8.25,2.11
12853,660,4753.79,7.2,1.97
12855,120,1552.17,12.93,2.56
12857,270,2138.92,7.92,2.07
12859,1020,9173.53,8.99,2.2
12860,370,3053.63,8.25,2.11
12861,290,2652.34,9.15,2.21
12863,340,3377.07,9.93,2.3
12865,1640,12316.73,7.51,2.02
12866,18630,331584.99,17.8,2.88
12870,810,6220.3,7.68,2.04
12871,1950,15766.54,8.09,2.09
12873,370,3433.99,9.28,2.23
12878,300,2375.08,7.92,2.07
12883,2250,16645.49,7.4,2
12885,2210,16101.26,7.29,1.99
12886,110,1397.86,12.71,2.54
12887,2160,16253.2,7.52,2.02
12901,14130,103868.51,7.35,1.99
12903,750,7692.56,10.26,2.33
12910,750,5639.16,7.52,2.02
12912,980,7478.6,7.63,2.03
12913,510,4039.79,7.92,2.07
12914,350,2539.06,7.25,1.98
12916,900,6681.93,7.42,2
12917,620,4719.77,7.61,2.03
12918,1170,10272.16,8.78,2.17
12919,1590,12102.03,7.61,2.03
12920,1030,8328.46,8.09,2.09
12921,1190,9557.57,8.03,2.08
12923,220,2146.6,9.76,2.28
12926,900,6770.55,7.52,2.02
12928,880,7030.48,7.99,2.08
12930,280,2259.84,8.07,2.09
12932,640,4961.92,7.75,2.05
12934,390,3533.48,9.06,2.2
12935,660,5384.76,8.16,2.1
12936,330,3429.99,10.39,2.34
12937,600,4442.91,7.4,2
12941,650,5206.94,8.01,2.08
12942,330,3803.08,11.52,2.44
12943,210,1918.42,9.14,2.21
12944,1810,14100.52,7.79,2.05
12945,320,2668.85,8.34,2.12
12946,2780,21766.24,7.83,2.06
12950,370,2726.38,7.37,2
12952,260,2119.25,8.15,2.1
12953,4840,34801.62,7.19,1.97
12955,170,1708.58,10.05,2.31
12956,520,4002.1,7.7,2.04
12957,720,5137.7,7.14,1.97
12958,850,6639.11,7.81,2.06
12959,620,4657.09,7.51,2.02
12960,490,3912.98,7.99,2.08
12961,110,1144.34,10.4,2.34
12962,2640,23725.9,8.99,2.2
12965,240,1931.28,8.05,2.09
12966,1200,9168.84,7.64,2.03
12967,450,3424.93,7.61,2.03
12969,160,1659.06,10.37,2.34
12970,170,1609.37,9.47,2.25
12972,2990,26601.75,8.9,2.19
12974,660,4775.7,7.24,1.98
12978,200,1712.7,8.56,2.15
12979,1210,9578.85,7.92,2.07
12980,580,4272.41,7.37,2
12981,1090,9428,8.65,2.16
12983,3590,26903.41,7.49,2.01
12985,470,3584.95,7.63,2.03
12986,2650,22299.56,8.41,2.13
12987,120,1816.72,15.14,2.72
12989,470,3865.27,8.22,2.11
12992,2320,18193.72,7.84,2.06
12993,750,6280.23,8.37,2.12
12996,950,7540.2,7.94,2.07
12997,570,4567.34,8.01,2.08
12998,220,1689.08,7.68,2.04
13021,18670,136077.55,7.29,1.99
13026,640,6205.44,9.7,2.27
13027,16210,154849.14,9.55,2.26
13028,580,4643.89,8.01,2.08
13029,3450,30721.2,8.9,2.19
13030,2050,15950.14,7.78,2.05
13031,8240,74350.54,9.02,2.2
13032,5980,44534.72,7.45,2.01
13033,1730,13991.78,8.09,2.09
13034,900,7369.9,8.19,2.1
13035,3810,46143.53,12.11,2.49
13036,4160,32422.45,7.79,2.05
13037,4260,35480.43,8.33,2.12
13039,8620,87112.5,10.11,2.31
13040,1170,9031.83,7.72,2.04
13041,5360,50558.81,9.43,2.24
13042,1020,7785.28,7.63,2.03
13044,1240,10193.72,8.22,2.11
13045,11560,84453.13,7.31,1.99
13052,870,6981.21,8.02,2.08
13053,2230,17730.21,7.95,2.07
13054,730,5589.39,7.66,2.04
13057,7940,61266.79,7.72,2.04
13060,1400,10837.17,7.74,2.05
13061,520,4529.79,8.71,2.16
13063,910,8531.54,9.38,2.24
13066,6450,102905.03,15.95,2.77
13068,2500,20294.6,8.12,2.09
13069,10860,79164.12,7.29,1.99
13071,480,3925.25,8.18,2.1
13072,370,2900.17,7.84,2.06
13073,3040,23574,7.75,2.05
13074,1940,14309.36,7.38,2
13076,1120,8886.55,7.93,2.07
13077,3240,25207.19,7.78,2.05
13078,4450,69804.93,15.69,2.75
13080,1740,14809.13,8.51,2.14
13081,530,4726.79,8.92,2.19
13082,2390,19224.26,8.04,2.08
13083,790,6194.27,7.84,2.06
13084,2270,19107.42,8.42,2.13
13088,11860,94685.09,7.98,2.08
13090,15150,135213.87,8.93,2.19
13092,1160,9460.17,8.16,2.1
13101,1190,9281.05,7.8,2.05
13103,160,1372.94,8.58,2.15
13104,7680,134518.94,17.52,2.86
13108,3100,30521.92,9.85,2.29
13110,1150,10316.09,8.97,2.19
13111,710,5493.92,7.74,2.05
13112,900,8735.04,9.71,2.27
13114,2940,23291.74,7.92,2.07
13116,1790,14663.19,8.19,2.1
13118,2440,19868.07,8.14,2.1
13120,1080,8689.87,8.05,2.09
13122,530,4443.74,8.38,2.13
13126,14450,111369.78,7.71,2.04
13131,1720,13481.66,7.84,2.06
13132,1920,14986.42,7.81,2.06
13135,3080,23762.95,7.72,2.04
13136,220,1760.35,8,2.08
13140,1990,14836.44,7.46,2.01
13141,340,2549.79,7.5,2.01
13142,2820,20981.35,7.44,2.01
13143,1200,8794.27,7.33,1.99
13144,550,4081.9,7.42,2
13145,870,6718.07,7.72,2.04
13146,910,7150.83,7.86,2.06
13147,550,4615.74,8.39,2.13
13148,5000,36727.81,7.35,1.99
13152,4000,61249.43,15.31,2.73
13155,300,2252.22,7.51,2.02
13156,780,6359.21,8.15,2.1
13158,670,4846.04,7.23,1.98
13159,2510,23360.6,9.31,2.23
13160,930,7559.63,8.13,2.1
13164,1230,12131.67,9.86,2.29
13165,5140,37480.34,7.29,1.99
13166,2710,20885.78,7.71,2.04
13167,1590,13460.37,8.47,2.14
13202,1730,12143.26,7.02,1.95
13203,6250,44716.14,7.15,1.97
13204,7860,58119.71,7.39,2
13205,7450,54157.34,7.27,1.98
13206,8310,63538.24,7.65,2.03
13207,6180,44267.19,7.16,1.97
13208,9120,67819.83,7.44,2.01
13209,6830,51242.03,7.5,2.01
13210,6140,41842.16,6.81,1.92
13211,3310,26769.45,8.09,2.09
13212,10600,82210.57,7.76,2.05
13214,3810,35046.66,9.2,2.22
13215,7210,82200.69,11.4,2.43
13219,8150,68154.99,8.36,2.12
13224,4200,34386.78,8.19,2.1
13302,640,4722.82,7.38,2
13303,550,5256.68,9.56,2.26
13304,920,8484.29,9.22,2.22
13308,1540,11768.53,7.64,2.03
13309,2690,20036.6,7.45,2.01
13310,310,2716.49,8.76,2.17
13314,220,1878.26,8.54,2.14
13315,610,4672.43,7.66,2.04
13316,2880,22464.62,7.8,2.05
13317,1680,13157.46,7.83,2.06
13318,600,4857.62,8.1,2.09
13319,460,3417.93,7.43,2.01
13320,900,7225.8,8.03,2.08
13322,570,4684.33,8.22,2.11
13323,4730,44040.06,9.31,2.23
13324,880,7019.35,7.98,2.08
13325,430,3171.33,7.38,2
13326,2640,23838.76,9.03,2.2
13327,980,7761.89,7.92,2.07
13328,550,4696.14,8.54,2.14
13329,1570,11914.52,7.59,2.03
13331,130,1556.68,11.97,2.48
13332,1090,8163.34,7.49,2.01
13334,580,4442.97,7.66,2.04
13335,730,5329.98,7.3,1.99
13337,410,3489.6,8.51,2.14
13338,630,4688.94,7.44,2.01
13339,2570,19099.4,7.43,2.01
13340,3760,28507.41,7.58,2.03
13343,780,6097.13,7.82,2.06
13346,2000,18239.84,9.12,2.21
13348,650,4951.05,7.62,2.03
13350,4000,28777.56,7.19,1.97
13354,1620,14597.25,9.01,2.2
13355,400,3025.17,7.56,2.02
13357,4870,36535.98,7.5,2.01
13360,220,2187.47,9.94,2.3
13361,270,2197.81,8.14,2.1
13363,1130,8892.18,7.87,2.06
13365,3710,27242.27,7.34,1.99
13367,3630,27799.63,7.66,2.04
13368,540,4001.19,7.41,2
13402,650,4998.34,7.69,2.04
13403,2270,21001.01,9.25,2.22
13406,300,2396.65,7.99,2.08
13407,2430,18691.25,7.69,2.04
13408,1120,8958.7,8,2.08
13409,1100,8564.98,7.79,2.05
13411,1390,10414.02,7.49,2.01
13413,7720,79053.47,10.24,2.33
13416,950,8054.65,8.48,2.14
13417,1720,13787.05,8.02,2.08
13420,830,6185.76,7.45,2.01
13421,6370,46112.4,7.24,1.98
13424,1090,9841.84,9.03,2.2
13425,880,6958.54,7.91,2.07
13428,610,5146.6,8.44,2.13
13431,890,7328.8,8.23,2.11
13433,680,5055.18,7.43,2.01
13437,210,1815.6,8.65,2.16
13438,1670,14312.48,8.57,2.15
13439,1770,13078.06,7.39,2
13440,18080,137334.83,7.6,2.03
13450,140,2316.55,16.55,2.81
13452,1900,14485.1,7.62,2.03
13454,360,2961.97,8.23,2.11
13456,2020,17042.35,8.44,2.13
13459,960,7608.65,7.93,2.07
13460,2080,15709.28,7.55,2.02
13461,1620,13279.75,8.2,2.1
13464,500,3696.56,7.39,2
13468,230,1924.64,8.37,2.12
13469,380,3738.42,9.84,2.29
13470,270,2191.41,8.12,2.09
13471,1390,10259.53,7.38,2
13473,330,2858.54,8.66,2.16
13476,1620,12503.73,7.72,2.04
13477,630,4837.51,7.68,2.04
13478,1520,12103.15,7.96,2.07
13480,1590,12764.36,8.03,2.08
13483,120,1424.49,11.87,2.47
13485,430,3178.81,7.39,2
13486,400,3647.9,9.12,2.21
13488,120,1243.25,10.36,2.34
13489,300,2355.15,7.85,2.06
13490,710,5707.75,8.04,2.08
13491,1670,13277.21,7.95,2.07
13492,5980,50108.41,8.38,2.13
13493,830,6513.72,7.85,2.06
13494,180,1926.79,10.7,2.37
13495,1070,8480.5,7.93,2.07
13501,14820,103797.63,7,1.95
13502,14050,100168.23,7.13,1.96
13601,16760,121112.06,7.23,1.98
13603,3650,37763.31,10.35,2.34
13605,1990,14999.68,7.54,2.02
13606,1270,11009.82,8.67,2.16
13607,1050,7504.16,7.15,1.97
13608,660,5125.18,7.77,2.05
13612,1320,10725.47,8.13,2.1
13613,1020,7972.74,7.82,2.06
13614,120,1747.62,14.56,2.68
13616,830,6994.25,8.43,2.13
13617,3820,31094.79,8.14,2.1
13618,860,7385.49,8.59,2.15
13619,4360,33456.8,7.67,2.04
13620,850,6577.34,7.74,2.05
13621,270,2321.29,8.6,2.15
13622,1040,8988.79,8.64,2.16
13624,2210,17413.61,7.88,2.06
13625,890,7926.88,8.91,2.19
13626,980,7459.79,7.61,2.03
13630,530,4003.11,7.55,2.02
13634,1890,14788.74,7.82,2.06
13635,410,3180.48,7.76,2.05
13636,140,1799.63,12.85,2.55
13637,2080,17780.92,8.55,2.15
13638,200,2134.4,10.67,2.37
13640,220,3611.66,16.42,2.8
13642,3580,25918.72,7.24,1.98
13646,940,6759.12,7.19,1.97
13648,950,7819.16,8.23,2.11
13650,610,5049.79,8.28,2.11
13652,720,5338.67,7.41,2
13654,860,6463.89,7.52,2.02
13655,1330,10048.97,7.56,2.02
13656,1150,8734.76,7.6,2.03
13658,1030,8429.81,8.18,2.1
13659,250,1895.88,7.58,2.03
13660,820,6331.59,7.72,2.04
13661,660,5680.5,8.61,2.15
13662,7220,52719.56,7.3,1.99
13664,250,2463.24,9.85,2.29
13665,390,3019.82,7.74,2.05
13667,1380,10262.64,7.44,2.01
13668,1510,11868.3,7.86,2.06
13669,6530,48418.18,7.41,2
13670,150,1486.06,9.91,2.29
13672,330,2768.41,8.39,2.13
13673,980,7684.8,7.84,2.06
13676,4820,36920.82,7.66,2.04
13679,880,6684.58,7.6,2.03
13680,430,3524.69,8.2,2.1
13681,360,2776.63,7.71,2.04
13682,420,3848.47,9.16,2.21
13684,480,3923.33,8.17,2.1
13685,1170,10171.68,8.69,2.16
13687,250,2035.4,8.14,2.1
13690,340,2795.85,8.22,2.11
13691,1370,10689.62,7.8,2.05
13693,270,2096.19,7.76,2.05
13694,700,6904.94,9.86,2.29
13696,120,1352.75,11.27,2.42
13697,910,6854.89,7.53,2.02
13730,1270,9518.79,7.5,2.01
13731,490,4322.36,8.82,2.18
13732,3840,35014.3,9.12,2.21
13733,2260,17408.05,7.7,2.04
13734,1000,7640.82,7.64,2.03
13736,1110,8700.38,7.84,2.06
13739,440,3324.11,7.55,2.02
13740,230,2352.73,10.23,2.33
13743,1740,13136.47,7.55,2.02
13744,550,4513.69,8.21,2.11
13746,1260,10192.17,8.09,2.09
13748,1870,13564.86,7.25,1.98
13750,490,3646.13,7.44,2.01
13751,130,1430.67,11.01,2.4
13752,360,2605.18,7.24,1.98
13753,1970,14584.89,7.4,2
13754,1340,9623.21,7.18,1.97
13755,580,4449.21,7.67,2.04
13756,220,2021.8,9.19,2.22
13757,420,3496.04,8.32,2.12
13760,21500,164396.53,7.65,2.03
13775,750,6136.72,8.18,2.1
13776,340,3348.43,9.85,2.29
13777,440,3104.48,7.06,1.95
13778,2690,21113.05,7.85,2.06
13780,470,3767.25,8.02,2.08
13782,320,2439.81,7.62,2.03
13783,1040,7709.66,7.41,2
13786,170,1545.88,9.09,2.21
13787,1570,11540.93,7.35,1.99
13788,420,3427.01,8.16,2.1
13790,8570,61632.11,7.19,1.97
13795,1770,14190.74,8.02,2.08
13796,620,4595.24,7.41,2
13797,950,7054.26,7.43,2.01
13801,550,4221.53,7.68,2.04
13802,430,3234.83,7.52,2.02
13803,1870,14281.98,7.64,2.03
13804,210,2085.6,9.93,2.3
13806,120,1176.5,9.8,2.28
13807,620,4875.82,7.86,2.06
13808,780,6060.14,7.77,2.05
13809,730,5801.8,7.95,2.07
13810,510,3982.57,7.81,2.06
13811,2040,16319.55,8,2.08
13812,1040,8161.12,7.85,2.06
13813,440,3166.23,7.2,1.97
13815,6090,43682.96,7.17,1.97
13820,7870,57738.18,7.34,1.99
13825,1530,12130.98,7.93,2.07
13827,5340,41715.35,7.81,2.06
13830,2160,16679.45,7.72,2.04
13832,290,2361.63,8.14,2.1
13833,1940,15265.15,7.87,2.06
13835,660,5083.48,7.7,2.04
13838,1940,15033.47,7.75,2.05
13839,620,4720.49,7.61,2.03
13841,230,2012.73,8.75,2.17
13842,200,2050.35,10.25,2.33
13843,750,5904.28,7.87,2.06
13844,350,2717.8,7.77,2.05
13846,170,1512.32,8.9,2.19
13849,2020,16020.86,7.93,2.07
13850,10140,93794.88,9.25,2.22
13856,2780,20632.06,7.42,2
13861,320,2712.61,8.48,2.14
13862,1850,14809.17,8,2.08
13863,190,1639.96,8.63,2.16
13864,520,3937.99,7.57,2.02
13865,2820,21150.15,7.5,2.01
13901,8700,62121.67,7.14,1.97
13903,8670,63132.22,7.28,1.99
13904,4280,31188.27,7.29,1.99
13905,11150,77671.8,6.97,1.94
14001,4760,37313.72,7.84,2.06
14004,5290,44572.91,8.43,2.13
14005,870,7133.33,8.2,2.1
14006,4860,36936.7,7.6,2.03
14008,720,5649.87,7.85,2.06
14009,2610,19688.06,7.54,2.02
14011,2880,22978.91,7.98,2.08
14012,1110,8694.91,7.83,2.06
14013,760,5676.21,7.47,2.01
14020,10130,72388.88,7.15,1.97
14024,720,5720.81,7.95,2.07
14025,1550,13990.29,9.03,2.2
14026,410,3174.25,7.74,2.05
14028,730,6752.91,9.25,2.22
14030,730,5719.98,7.84,2.06
14031,4850,72438.29,14.94,2.7
14032,3930,60432.91,15.38,2.73
14033,1160,11807.89,10.18,2.32
14034,870,6903.13,7.93,2.07
14036,2380,18495.97,7.77,2.05
14037,630,5989.65,9.51,2.25
14040,1080,9148.48,8.47,2.14
14041,110,1189.06,10.81,2.38
14042,1690,12774.79,7.56,2.02
14043,13030,101538.44,7.79,2.05
14047,3220,26108.75,8.11,2.09
14048,6530,46228.88,7.08,1.96
14051,9930,169428.65,17.06,2.84
14052,8900,93372.03,10.49,2.35
14054,640,5582.71,8.72,2.17
14055,680,6152.89,9.05,2.2
14057,4090,35077.67,8.58,2.15
14058,1070,9069.65,8.48,2.14
14059,4940,48156.95,9.75,2.28
14060,190,1762.82,9.28,2.23
14062,1520,12537.99,8.25,2.11
14063,5160,40547.69,7.86,2.06
14065,760,6299.19,8.29,2.12
14066,480,3754.19,7.82,2.06
14067,2420,19375.46,8.01,2.08
14068,3550,41166.66,11.6,2.45
14069,470,4548.33,9.68,2.27
14070,2350,18279.01,7.78,2.05
14072,10560,107878.39,10.22,2.32
14075,22290,191783.18,8.6,2.15
14080,2120,18246.34,8.61,2.15
14081,1230,9759.35,7.93,2.07
14082,240,2287.81,9.53,2.25
14085,3730,40410.06,10.83,2.38
14086,16870,167917.76,9.95,2.3
14091,580,4588.01,7.91,2.07
14092,5740,53674.01,9.35,2.24
14094,24600,187945.29,7.64,2.03
14098,1360,10890.6,8.01,2.08
14101,820,6242.22,7.61,2.03
14102,650,7299.94,11.23,2.42
14103,4990,36904.12,7.4,2
14105,2170,16613.87,7.66,2.04
14108,2790,21672.1,7.77,2.05
14111,1610,13015.33,8.08,2.09
14113,410,3346.62,8.16,2.1
14120,22580,179817.06,7.96,2.07
14125,1720,13504.43,7.85,2.06
14127,15510,189850.86,12.24,2.5
14129,590,4953,8.39,2.13
14131,2600,20640.37,7.94,2.07
14132,2900,24302.4,8.38,2.13
14134,160,1478.38,9.24,2.22
14136,2320,16931.86,7.3,1.99
14138,870,6488.09,7.46,2.01
14139,1200,10560.38,8.8,2.17
14141,3770,28676.88,7.61,2.03
14143,700,5614.09,8.02,2.08
14145,770,6372.51,8.28,2.11
14150,22010,169418.49,7.7,2.04
14167,840,6711.27,7.99,2.08
14170,1220,11286.47,9.25,2.22
14171,1010,8138.21,8.06,2.09
14172,1620,12716.24,7.85,2.06
14174,2880,26083.41,9.06,2.2
14201,4520,32791.06,7.25,1.98
14202,1670,27740.22,16.61,2.81
14203,770,5504.02,7.15,1.97
14204,3190,22790.06,7.14,1.97
14206,9520,72273.88,7.59,2.03
14207,9310,70565.5,7.58,2.03
14208,3660,27221.26,7.44,2.01
14209,3450,28430.83,8.24,2.11
14210,6320,47753.43,7.56,2.02
14211,8430,65398.82,7.76,2.05
14212,4140,30597.04,7.39,2
14213,9120,70652.03,7.75,2.05
14214,7570,54043.84,7.14,1.97
14215,16730,124514.33,7.44,2.01
14216,11350,88542.3,7.8,2.05
14217,11770,90542.93,7.69,2.04
14218,8760,65349.48,7.46,2.01
14219,6150,46380.34,7.54,2.02
14220,11740,88271.58,7.52,2.02
14221,26910,316309.73,11.75,2.46
14222,6090,57130.93,9.38,2.24
14223,12520,100480.43,8.03,2.08
14224,21400,175465.35,8.2,2.1
14225,17750,137205.17,7.73,2.05
14226,14550,133283.53,9.16,2.21
14227,11930,94349.84,7.91,2.07
14228,9270,75318.18,8.12,2.09
14301,5120,37544.62,7.33,1.99
14303,2420,17774.63,7.34,1.99
14304,15190,112555.87,7.41,2
14305,7380,50816.16,6.89,1.93
14411,5520,40871.9,7.4,2
14414,3470,28262.2,8.14,2.1
14416,1900,15684.86,8.26,2.11
14418,540,4333.99,8.03,2.08
14420,7540,59673.19,7.91,2.07
14422,1090,9618.27,8.82,2.18
14423,2370,18278.18,7.71,2.04
14424,13270,107314.31,8.09,2.09
14425,5610,46480.14,8.29,2.12
14427,950,7435.04,7.83,2.06
14428,4380,38518.5,8.79,2.17
14432,2600,19900.89,7.65,2.03
14433,2020,15560.07,7.7,2.04
14435,1460,12397.71,8.49,2.14
14437,4380,32713.04,7.47,2.01
14441,180,2223.2,12.35,2.51
14445,4030,30049.24,7.46,2.01
14450,21330,244023.06,11.44,2.44
14454,2950,26454.75,8.97,2.19
14456,8770,62649.47,7.14,1.97
14462,300,2626.56,8.76,2.17
14464,3440,26473.44,7.7,2.04
14466,870,7098.08,8.16,2.1
14467,4800,38131.49,7.94,2.07
14468,9210,79587.4,8.64,2.16
14469,2940,22909.25,7.79,2.05
14470,3800,29528.81,7.77,2.05
14471,1400,11046.78,7.89,2.07
14472,4330,60743.38,14.03,2.64
14475,180,2221.45,12.34,2.51
14476,1020,8825.18,8.65,2.16
14477,800,6235.49,7.79,2.05
14478,470,4563.1,9.71,2.27
14480,490,3707.61,7.57,2.02
14481,920,7621.73,8.28,2.11
14482,4090,30709.56,7.51,2.02
14485,2030,15558.84,7.66,2.04
14486,150,1707.62,11.38,2.43
14487,2920,24190.96,8.28,2.11
14489,3250,25130.99,7.73,2.05
14502,5120,46390.43,9.06,2.2
14504,900,6926.27,7.7,2.04
14505,2630,20412.34,7.76,2.05
14506,610,11913.4,19.53,2.97
14507,650,4932.67,7.59,2.03
14510,2200,16460.22,7.48,2.01
14512,2270,16770.37,7.39,2
14513,6520,48069.18,7.37,2
14514,2900,25572.59,8.82,2.18
14516,1040,8932.34,8.59,2.15
14517,1250,9905.79,7.92,2.07
14519,6000,52008.38,8.67,2.16
14521,1290,10244.35,7.94,2.07
14522,4440,33793.55,7.61,2.03
14525,1340,11143.06,8.32,2.12
14526,10670,122558.43,11.49,2.44
14527,5790,41738.37,7.21,1.98
14530,2480,19397.99,7.82,2.06
14532,2230,16955.95,7.6,2.03
14533,740,6141.2,8.3,2.12
14534,16000,390799.63,24.42,3.2
14536,280,2528.47,9.03,2.2
14541,1010,8100.62,8.02,2.08
14543,1740,17052.61,9.8,2.28
14544,900,6717.57,7.46,2.01
14546,2420,19871.75,8.21,2.11
14548,1960,15273.69,7.79,2.05
14550,780,6279.82,8.05,2.09
14551,2550,19534.79,7.66,2.04
14555,500,5265.8,10.53,2.35
14559,9130,80140.32,8.78,2.17
14560,1040,8448.76,8.12,2.09
14561,1330,11000.91,8.27,2.11
14564,7210,102811.07,14.26,2.66
14568,2990,27377.17,9.16,2.21
14569,2820,21228.16,7.53,2.02
14571,610,5018.77,8.23,2.11
14572,2300,17327.58,7.53,2.02
14580,26460,263841.5,9.97,2.3
14585,160,1718.56,10.74,2.37
14586,4810,46603.06,9.69,2.27
14589,3640,28107.61,7.72,2.04
14590,2300,17222.97,7.49,2.01
14591,810,6328.19,7.81,2.06
14604,830,6142.39,7.4,2
14605,3940,33176.95,8.42,2.13
14606,13200,96992.66,7.35,1.99
14607,7930,63965.51,8.07,2.09
14608,4700,34728.63,7.39,2
14609,19780,147176.18,7.44,2.01
14610,7740,91572.77,11.83,2.47
14611,6520,50053.01,7.68,2.04
14612,17900,145010.5,8.1,2.09
14613,5490,41329.23,7.53,2.02
14614,190,2890.19,15.21,2.72
14615,7940,61236.22,7.71,2.04
14616,14830,114449.55,7.72,2.04
14617,12500,104889.86,8.39,2.13
14618,10520,160357.14,15.24,2.72
14619,6630,50339.02,7.59,2.03
14620,10740,81727.74,7.61,2.03
14621,12020,94222.99,7.84,2.06
14622,6690,52678.04,7.87,2.06
14623,9490,71896.43,7.58,2.03
14624,19620,157357.6,8.02,2.08
14625,5680,57694.95,10.16,2.32
14626,15700,123002.88,7.83,2.06
14701,16800,115180.46,6.86,1.93
14706,2770,21710.22,7.84,2.06
14709,650,4958.07,7.63,2.03
14710,1640,13453.23,8.2,2.1
14711,710,5454.45,7.68,2.04
14712,1560,12909.69,8.28,2.11
14714,180,1382.31,7.68,2.04
14715,1180,8407.61,7.13,1.96
14716,990,7277.25,7.35,1.99
14717,280,2517.45,8.99,2.2
14718,970,7449.23,7.68,2.04
14719,1390,10409.74,7.49,2.01
14721,100,1141,11.41,2.43
14723,560,4182.72,7.47,2.01
14724,990,7344.59,7.42,2
14726,420,3230.37,7.69,2.04
14727,2340,17243.4,7.37,2
14728,490,4132.96,8.43,2.13
14729,440,3479.47,7.91,2.07
14731,770,6527.63,8.48,2.14
14733,1840,13675.24,7.43,2.01
14735,1010,7608.84,7.53,2.02
14736,260,1986.62,7.64,2.03
14737,1740,12989.43,7.47,2.01
14738,1700,12893.53,7.58,2.03
14739,1100,7848.79,7.14,1.97
14740,540,3991.77,7.39,2
14741,890,6426.42,7.22,1.98
14743,810,6285.57,7.76,2.05
14744,460,3508.77,7.63,2.03
14747,990,7533.49,7.61,2.03
14748,330,2553.18,7.74,2.05
14750,2280,18879.8,8.28,2.11
14753,510,3854.02,7.56,2.02
14754,280,2371.75,8.47,2.14
14755,1260,9511.22,7.55,2.02
14757,1470,10381.5,7.06,1.95
14760,8420,59375.43,7.05,1.95
14767,710,5176.24,7.29,1.99
14769,410,3408.3,8.31,2.12
14770,1350,10368.9,7.68,2.04
14772,1640,12800.74,7.81,2.06
14775,1130,8223.65,7.28,1.99
14777,300,2555.27,8.52,2.14
14779,2960,21712.81,7.34,1.99
14781,910,6414.56,7.05,1.95
14782,1020,7780.69,7.63,2.03
14784,440,3456.37,7.86,2.06
14787,2350,16297.18,6.93,1.94
14801,2230,16827.96,7.55,2.02
14802,410,3459.13,8.44,2.13
14803,540,4441.72,8.23,2.11
14804,650,5449.73,8.38,2.13
14805,510,4200.63,8.24,2.11
14806,980,7443.84,7.6,2.03
14807,1350,10694.7,7.92,2.07
14808,270,2146.8,7.95,2.07
14809,1130,8389.32,7.42,2
14810,5210,37259.19,7.15,1.97
14812,1510,11857.76,7.85,2.06
14813,1070,7666.99,7.17,1.97
14814,970,10914.08,11.25,2.42
14815,430,3380.46,7.86,2.06
14816,330,2691.45,8.16,2.1
14817,1260,10007.27,7.94,2.07
14818,900,7731.73,8.59,2.15
14819,300,2252.29,7.51,2.02
14820,280,2504.8,8.95,2.19
14821,1600,12505.62,7.82,2.06
14822,500,4021.2,8.04,2.08
14823,1650,12573.14,7.62,2.03
14824,330,2950.8,8.94,2.19
14825,400,3209.97,8.02,2.08
14826,890,6911.78,7.77,2.05
14830,9520,76935.46,8.08,2.09
14836,440,3798.7,8.63,2.16
14837,2170,15451.17,7.12,1.96
14838,890,7081.93,7.96,2.07
14839,300,2882.91,9.61,2.26
14840,1510,12513.89,8.29,2.12
14841,480,3803.18,7.92,2.07
14842,340,3174.37,9.34,2.23
14843,5610,39768.1,7.09,1.96
14845,10070,85454.97,8.49,2.14
14846,280,2512.3,8.97,2.19
14847,1120,8874.31,7.92,2.07
14850,22550,203158.92,9.01,2.2
14853,160,1413.99,8.84,2.18
14855,360,2881.24,8,2.08
14858,720,5921.14,8.22,2.11
14859,520,4049.81,7.79,2.05
14860,540,4114.18,7.62,2.03
14861,650,5174.9,7.96,2.07
14864,580,4162.57,7.18,1.97
14865,1210,9090.94,7.51,2.02
14867,2680,20512.78,7.65,2.03
14869,630,4894.71,7.77,2.05
14870,4540,42140.53,9.28,2.23
14871,2210,19414.55,8.78,2.17
14872,270,2295.6,8.5,2.14
14873,1070,8232.24,7.69,2.04
14874,110,1389.04,12.63,2.54
14877,200,1780.35,8.9,2.19
14878,280,2156.64,7.7,2.04
14879,960,7523.83,7.84,2.06
14880,700,5341.97,7.63,2.03
14881,140,1426.12,10.19,2.32
14882,1930,17538.56,9.09,2.21
14883,1830,14737.74,8.05,2.09
14884,170,1547.25,9.1,2.21
14885,290,2463.89,8.5,2.14
14886,3270,26972.67,8.25,2.11
14889,660,4975.66,7.54,2.02
14891,2060,15048.77,7.31,1.99
14892,3690,26648.8,7.22,1.98
14894,640,4747.58,7.42,2
14895,4100,29262.89,7.14,1.97
14897,390,2856.29,7.32,1.99
14898,590,4444.91,7.53,2.02
14901,5570,37661.35,6.76,1.91
14903,3700,28349.97,7.66,2.04
14904,7310,53577.08,7.33,1.99
14905,4350,36640.92,8.42,2.13
