"","npi","score_spread","score_bene"
"1","1003018102",4,7
"2","1003058652",3,7
"3","1003812454",13,4
"4","1003813247",21,9
"5","1003814682",1,16
"6","1003815432",0,9
"7","1003819343",10,12
"8","1003832726",2,14
"9","1003841446",0,7
"10","1003848714",6,7
"11","1003908831",22,25
"12","1003923038",6,1
"13","1003923509",15,16
"14","1003924192",6,12
"15","1003972548",22,18
"16","1003982976",9,10
"17","1003987512",0,10
"18","1013014406",19,16
"19","1013095272",14,11
"20","1013114040",0,0
"21","1013901024",17,18
"22","1013915057",4,12
"23","1013915974",20,17
"24","1013926567",13,12
"25","1013950351",9,8
"26","1013956796",1,9
"27","1013964469",7,4
"28","1013966027",0,11
"29","1013981836",10,11
"30","1013983923",3,4
"31","1013984681",0,0
"32","1013984723",16,5
"33","1013999697",15,18
"34","1023015054",16,12
"35","1023023777",24,19
"36","1023028966",8,9
"37","1023034428",4,15
"38","1023054350",4,7
"39","1023056512",14,8
"40","1023069846",11,11
"41","1023072949",0,9
"42","1023075066",15,8
"43","1023076437",1,1
"44","1023105608",17,17
"45","1023108115",1,9
"46","1023113339",0,8
"47","1023142742",11,9
"48","1023170636",9,1
"49","1023179108",13,9
"50","1023213071",12,16
"51","1023297892",9,16
"52","1023316429",1,0
"53","1033102322",3,5
"54","1033112487",5,14
"55","1033117999",21,22
"56","1033120175",14,5
"57","1033141726",5,3
"58","1033170675",11,20
"59","1033199450",18,19
"60","1033202429",0,16
"61","1033211925",25,19
"62","1033274279",15,12
"63","1033314257",12,7
"64","1033364476",0,0
"65","1033381983",1,8
"66","1043203995",5,3
"67","1043206469",20,15
"68","1043219900",0,0
"69","1043220262",5,1
"70","1043221765",6,10
"71","1043231921",6,10
"72","1043233901",25,15
"73","1043252273",14,16
"74","1043262686",1,15
"75","1043266935",0,5
"76","1043281371",19,18
"77","1043286412",19,12
"78","1043318595",8,20
"79","1043391477",0,0
"80","1043393481",7,4
"81","1043478415",18,9
"82","1053303073",5,15
"83","1053305276",15,5
"84","1053307272",0,7
"85","1053313767",3,9
"86","1053315416",30,12
"87","1053315762",12,17
"88","1053325563",27,13
"89","1053329342",4,19
"90","1053345520",21,12
"91","1053352658",6,9
"92","1053378109",5,13
"93","1053384800",16,9
"94","1053393009",2,4
"95","1053406314",8,9
"96","1053420299",13,16
"97","1053420398",0,12
"98","1053422477",7,8
"99","1053451286",11,9
"100","1053454652",0,4
"101","1053491456",12,13
"102","1053575100",12,2
"103","1053588632",29,17
"104","1063406981",0,11
"105","1063415420",14,14
"106","1063415537",0,20
"107","1063417566",0,12
"108","1063425460",14,12
"109","1063438414",27,19
"110","1063462133",13,8
"111","1063473387",16,12
"112","1063481208",2,9
"113","1063482990",18,20
"114","1063484277",6,16
"115","1063496834",13,10
"116","1063511665",15,18
"117","1063519775",14,8
"118","1063529501",16,21
"119","1063561439",22,21
"120","1063561744",17,16
"121","1063616472",2,9
"122","1063621357",5,9
"123","1063679462",8,8
"124","1073505665",7,5
"125","1073515847",23,21
"126","1073516027",27,15
"127","1073548434",0,15
"128","1073564506",4,2
"129","1073572236",14,13
"130","1073576773",16,3
"131","1073616959",12,15
"132","1073626388",13,16
"133","1073629994",13,15
"134","1073652202",0,6
"135","1073667093",5,10
"136","1083608186",0,18
"137","1083614226",3,3
"138","1083641609",0,15
"139","1083645154",0,17
"140","1083651947",0,7
"141","1083657126",11,12
"142","1083681001",14,11
"143","1083690739",9,5
"144","1083711766",20,17
"145","1083713374",16,14
"146","1083714547",9,9
"147","1083753958",11,13
"148","1083780928",8,4
"149","1083787972",14,11
"150","1083795413",4,5
"151","1083866875",6,9
"152","1083870182",16,13
"153","1083893770",4,3
"154","1093724056",22,19
"155","1093725715",1,18
"156","1093733651",0,1
"157","1093751901",9,5
"158","1093766032",12,9
"159","1093770323",5,3
"160","1093771693",5,5
"161","1093775116",4,3
"162","1093790479",17,10
"163","1093790594",18,11
"164","1093792483",0,0
"165","1093792970",10,18
"166","1093796112",16,17
"167","1093809600",5,10
"168","1093809683",9,15
"169","1093816019",7,2
"170","1093840944",8,10
"171","1093884215",1,9
"172","1093935413",6,8
"173","1093979460",5,12
"174","1104008325",14,11
"175","1104036326",6,5
"176","1104083245",0,14
"177","1104137728",2,6
"178","1104800143",30,17
"179","1104800234",9,7
"180","1104817394",0,5
"181","1104818194",0,5
"182","1104818574",10,4
"183","1104827591",3,6
"184","1104851237",12,11
"185","1104854983",1,19
"186","1104875996",28,22
"187","1104907963",0,8
"188","1104923937",0,4
"189","1104944859",15,11
"190","1104982107",4,13
"191","1114000635",18,3
"192","1114001427",4,7
"193","1114048642",2,2
"194","1114079746",0,12
"195","1114097896",11,11
"196","1114140266",6,8
"197","1114151537",0,8
"198","1114176278",12,17
"199","1114190154",2,9
"200","1114902681",5,2
"201","1114906179",3,14
"202","1114921558",10,11
"203","1114947207",22,10
"204","1114952546",0,5
"205","1114962024",12,10
"206","1114977733",19,16
"207","1114999349",6,9
"208","1124001151",0,17
"209","1124002597",8,7
"210","1124012075",20,3
"211","1124015946",21,11
"212","1124017512",3,9
"213","1124039854",13,14
"214","1124050109",1,5
"215","1124055736",1,1
"216","1124056791",11,13
"217","1124068184",4,4
"218","1124074265",0,0
"219","1124076203",9,7
"220","1124093059",0,0
"221","1124112438",17,12
"222","1124127915",10,5
"223","1124216098",0,6
"224","1124229810",26,16
"225","1124289970",9,8
"226","1134101157",2,7
"227","1134104136",13,15
"228","1134114549",19,12
"229","1134124068",0,9
"230","1134128465",25,24
"231","1134151749",18,14
"232","1134155682",20,15
"233","1134188196",0,15
"234","1134198906",12,18
"235","1134200561",3,0
"236","1134210941",20,14
"237","1134219801",6,3
"238","1134224702",1,16
"239","1134237597",2,0
"240","1134279995",9,5
"241","1134289135",11,11
"242","1134387756",15,9
"243","1144224668",13,10
"244","1144225210",5,15
"245","1144243130",7,8
"246","1144248964",0,5
"247","1144251612",1,16
"248","1144253154",0,9
"249","1144258146",4,13
"250","1144262809",14,13
"251","1144281197",5,19
"252","1144282997",2,3
"253","1144324179",16,15
"254","1144325929",0,0
"255","1144332511",23,9
"256","1144344326",7,9
"257","1144387630",5,11
"258","1144397258",9,5
"259","1144398942",12,7
"260","1154311793",15,15
"261","1154326122",11,10
"262","1154327807",2,1
"263","1154350312",20,9
"264","1154366151",7,2
"265","1154369361",0,0
"266","1154371425",21,10
"267","1154382661",10,16
"268","1154397503",14,10
"269","1154399624",11,11
"270","1154405173",0,6
"271","1154434058",0,0
"272","1154437895",1,25
"273","1154438695",17,16
"274","1154495976",0,2
"275","1154581999",0,0
"276","1164401741",1,10
"277","1164419263",1,9
"278","1164423448",0,10
"279","1164423752",3,10
"280","1164435780",13,23
"281","1164441002",0,7
"282","1164476404",18,18
"283","1164502605",6,5
"284","1164521688",0,0
"285","1164523577",7,7
"286","1164530853",9,5
"287","1164535472",11,15
"288","1164596243",0,0
"289","1164625133",13,9
"290","1164697835",9,5
"291","1174502652",2,7
"292","1174521876",13,11
"293","1174524813",2,0
"294","1174543029",15,11
"295","1174548671",0,0
"296","1174549547",18,19
"297","1174551519",13,10
"298","1174558639",0,21
"299","1174566244",20,14
"300","1174568299",19,11
"301","1174597108",22,10
"302","1174599062",9,13
"303","1174604508",7,2
"304","1174627277",20,17
"305","1174634976",3,8
"306","1174691117",8,11
"307","1174695894",0,21
"308","1174796890",15,10
"309","1174797468",1,16
"310","1184618035",19,6
"311","1184623803",2,7
"312","1184627465",20,14
"313","1184628604",16,19
"314","1184629503",0,17
"315","1184634123",10,11
"316","1184640278",0,15
"317","1184652323",17,18
"318","1184660904",0,0
"319","1184682684",9,6
"320","1184691065",15,9
"321","1184702318",0,2
"322","1184710386",17,12
"323","1184724585",0,15
"324","1184732885",6,5
"325","1184784191",8,10
"326","1184814048",5,16
"327","1184884017",11,3
"328","1184886301",18,18
"329","1194718635",0,20
"330","1194739284",0,2
"331","1194779678",2,4
"332","1194792887",24,9
"333","1194821603",23,14
"334","1194828582",4,11
"335","1194886614",9,16
"336","1194900365",2,21
"337","1194915371",1,7
"338","1194988980",7,2
"339","1205097797",3,0
"340","1205808524",0,5
"341","1205815453",8,11
"342","1205816774",0,17
"343","1205829736",0,8
"344","1205831534",13,15
"345","1205844933",16,8
"346","1205878576",13,14
"347","1205889649",0,8
"348","1205896388",2,6
"349","1205921178",2,18
"350","1205937976",0,4
"351","1205982667",6,10
"352","1215021118",0,16
"353","1215092903",15,10
"354","1215095393",5,9
"355","1215143797",10,8
"356","1215192638",11,11
"357","1215903091",11,11
"358","1215918941",1,3
"359","1215919667",14,6
"360","1215931670",1,3
"361","1215939285",25,12
"362","1215956792",7,16
"363","1215965934",0,5
"364","1215967740",13,15
"365","1215981824",14,18
"366","1215990908",6,18
"367","1215991674",18,15
"368","1215995139",6,9
"369","1215999099",10,15
"370","1225005952",14,8
"371","1225007826",18,9
"372","1225010242",2,3
"373","1225022338",16,13
"374","1225033236",8,8
"375","1225039043",4,5
"376","1225060551",19,14
"377","1225063274",0,23
"378","1225070378",20,22
"379","1225079353",0,17
"380","1225091663",2,26
"381","1225107634",16,19
"382","1225200900",14,12
"383","1225215031",12,16
"384","1235111089",8,8
"385","1235114026",14,9
"386","1235129479",2,0
"387","1235142639",14,14
"388","1235157215",24,13
"389","1235167644",21,23
"390","1235174970",10,10
"391","1235195876",3,0
"392","1235195926",0,19
"393","1235198714",2,13
"394","1235201443",21,8
"395","1235201922",4,2
"396","1235210667",4,1
"397","1235218355",0,8
"398","1235226333",18,14
"399","1235227349",24,19
"400","1235242124",0,11
"401","1235247859",6,21
"402","1235248311",17,20
"403","1235293911",6,13
"404","1235304510",2,13
"405","1235314527",16,7
"406","1235394842",12,17
"407","1245201078",19,23
"408","1245201847",23,13
"409","1245214063",0,6
"410","1245220490",0,12
"411","1245228642",12,11
"412","1245231877",0,0
"413","1245248202",6,7
"414","1245263516",3,6
"415","1245271931",9,5
"416","1245282524",13,12
"417","1245291160",22,20
"418","1245343532",11,13
"419","1245378520",3,3
"420","1245411743",12,6
"421","1245534072",3,6
"422","1255321352",4,5
"423","1255334132",6,6
"424","1255335907",5,6
"425","1255350021",8,11
"426","1255367678",12,14
"427","1255393898",7,4
"428","1255415204",0,3
"429","1255443370",0,8
"430","1255453114",0,4
"431","1255481701",0,0
"432","1255481768",0,0
"433","1255539144",6,4
"434","1265400923",2,6
"435","1265403166",22,19
"436","1265416598",4,17
"437","1265452213",2,3
"438","1265455562",13,19
"439","1265477608",0,14
"440","1265488597",12,6
"441","1265492235",3,1
"442","1265500433",17,20
"443","1265516355",8,4
"444","1265549265",0,0
"445","1265682496",4,10
"446","1275504722",13,17
"447","1275510893",0,12
"448","1275514515",2,0
"449","1275526154",10,5
"450","1275537656",11,12
"451","1275547945",0,1
"452","1275549552",21,18
"453","1275562084",0,20
"454","1275563652",19,6
"455","1275576811",6,9
"456","1275640716",17,20
"457","1275645830",19,20
"458","1275706772",14,9
"459","1285604652",12,12
"460","1285613273",21,15
"461","1285623611",5,9
"462","1285637611",5,14
"463","1285664383",10,21
"464","1285669713",3,6
"465","1285687475",8,10
"466","1285698597",4,13
"467","1285699744",0,7
"468","1285720052",6,17
"469","1285737064",8,6
"470","1285770602",0,3
"471","1285779900",2,5
"472","1285828970",1,0
"473","1295703767",7,10
"474","1295729762",10,18
"475","1295730273",12,6
"476","1295744357",14,20
"477","1295750230",19,19
"478","1295760577",12,5
"479","1295783611",0,11
"480","1295787000",26,20
"481","1295795979",3,0
"482","1295854925",16,14
"483","1295860286",0,0
"484","1306817549",15,8
"485","1306840764",21,10
"486","1306841226",4,12
"487","1306844550",6,7
"488","1306890785",6,9
"489","1306891577",7,5
"490","1306892104",14,8
"491","1306915525",0,17
"492","1306918669",14,19
"493","1306932991",18,6
"494","1306939723",21,9
"495","1306952981",13,17
"496","1306967211",14,15
"497","1306993571",6,15
"498","1316007891",10,3
"499","1316028749",12,6
"500","1316037369",0,12
"501","1316048796",4,10
"502","1316051360",13,17
"503","1316082068",5,7
"504","1316142979",15,7
"505","1316150287",5,9
"506","1316910219",4,5
"507","1316917867",14,15
"508","1316921588",3,0
"509","1316929169",6,11
"510","1316942360",15,13
"511","1316948714",7,7
"512","1316953722",0,4
"513","1316954100",10,8
"514","1316957350",9,13
"515","1316961048",9,14
"516","1316972367",16,17
"517","1316995269",2,14
"518","1326003682",20,17
"519","1326022096",16,14
"520","1326027368",25,20
"521","1326036823",9,7
"522","1326049644",20,13
"523","1326070020",14,20
"524","1326076639",0,14
"525","1326096793",15,13
"526","1326099789",7,7
"527","1326102039",1,7
"528","1326132184",18,19
"529","1326224528",22,18
"530","1326230277",5,16
"531","1326249558",15,16
"532","1336106418",0,8
"533","1336110048",8,11
"534","1336122654",13,20
"535","1336127075",4,7
"536","1336151620",0,6
"537","1336161157",16,16
"538","1336168624",10,16
"539","1336171669",19,13
"540","1336174374",16,16
"541","1336174937",24,18
"542","1336215045",4,1
"543","1336221993",1,5
"544","1336229350",1,1
"545","1336235589",10,6
"546","1336236405",19,10
"547","1336252626",11,16
"548","1336253780",0,16
"549","1336255983",3,6
"550","1336261692",0,11
"551","1336309723",12,5
"552","1336315753",17,20
"553","1336349786",3,5
"554","1346211588",5,18
"555","1346216553",4,0
"556","1346220357",0,8
"557","1346244811",2,1
"558","1346245156",16,9
"559","1346257458",17,5
"560","1346275047",17,19
"561","1346276169",2,1
"562","1346279437",12,5
"563","1346339132",0,0
"564","1346352275",13,12
"565","1346390069",2,20
"566","1346403961",2,1
"567","1346424397",12,11
"568","1356326748",21,16
"569","1356335525",0,7
"570","1356337562",0,7
"571","1356345839",3,0
"572","1356346795",1,9
"573","1356348452",8,11
"574","1356355010",0,0
"575","1356373013",19,18
"576","1356373534",20,9
"577","1356382378",11,4
"578","1356390488",23,11
"579","1356401228",12,5
"580","1356425128",18,14
"581","1356459366",3,15
"582","1356470652",3,3
"583","1356542591",26,22
"584","1356577340",8,9
"585","1366404238",7,15
"586","1366404402",3,21
"587","1366413023",14,16
"588","1366415135",14,14
"589","1366426520",10,2
"590","1366444754",1,18
"591","1366451148",4,9
"592","1366468035",0,19
"593","1366470254",6,7
"594","1366475378",0,4
"595","1366488025",15,9
"596","1366559809",15,16
"597","1366573545",13,23
"598","1366599037",3,12
"599","1376535385",20,8
"600","1376543017",17,11
"601","1376547273",13,11
"602","1376578815",18,11
"603","1376626572",17,14
"604","1376633123",11,19
"605","1376636670",3,0
"606","1376637991",10,12
"607","1376647800",6,16
"608","1376755066",2,4
"609","1376790022",9,15
"610","1386618098",9,13
"611","1386623338",2,12
"612","1386636389",4,7
"613","1386637411",14,3
"614","1386642247",21,24
"615","1386645653",3,3
"616","1386646248",14,5
"617","1386657997",1,0
"618","1386659977",23,23
"619","1386677706",25,20
"620","1386684942",5,3
"621","1386731479",28,23
"622","1386739324",8,7
"623","1386741353",5,5
"624","1386756146",6,8
"625","1386772531",0,17
"626","1396714820",16,15
"627","1396747556",18,7
"628","1396763967",0,2
"629","1396766010",9,7
"630","1396786372",7,14
"631","1396798476",2,7
"632","1396817144",4,19
"633","1396844080",7,17
"634","1396847513",0,16
"635","1396859682",0,0
"636","1396868527",2,22
"637","1396948964",12,7
"638","1407017742",0,0
"639","1407018294",2,9
"640","1407822034",2,3
"641","1407838451",6,9
"642","1407849292",11,9
"643","1407865538",15,13
"644","1407879638",2,3
"645","1407880453",15,8
"646","1407883192",8,11
"647","1407954878",12,16
"648","1407963580",1,0
"649","1407965361",14,20
"650","1407973662",12,11
"651","1407997364",25,12
"652","1417038845",17,12
"653","1417053752",8,13
"654","1417064569",0,0
"655","1417065053",1,26
"656","1417065657",11,14
"657","1417154956",0,0
"658","1417177569",11,10
"659","1417285198",2,0
"660","1417933540",9,10
"661","1417934035",0,19
"662","1417936469",18,16
"663","1417939802",5,6
"664","1417946294",18,6
"665","1417952193",12,16
"666","1417954223",0,9
"667","1417970872",3,19
"668","1417991928",14,21
"669","1427002245",12,6
"670","1427013010",18,20
"671","1427017490",0,0
"672","1427018548",25,24
"673","1427032655",13,12
"674","1427038603",13,11
"675","1427040294",6,4
"676","1427051515",0,10
"677","1427055672",6,10
"678","1427060169",10,11
"679","1427068535",13,16
"680","1427075407",6,21
"681","1427078310",0,14
"682","1427090596",4,3
"683","1427132653",0,16
"684","1427150382",12,18
"685","1427152859",15,4
"686","1427154293",2,0
"687","1427161710",11,15
"688","1427217512",3,2
"689","1427243328",3,0
"690","1437116191",16,5
"691","1437119559",30,15
"692","1437150547",10,15
"693","1437160579",17,16
"694","1437177425",11,16
"695","1437180049",8,17
"696","1437180775",13,16
"697","1437232865",8,10
"698","1437301629",5,3
"699","1437317393",7,22
"700","1437384062",3,0
"701","1437393865",9,5
"702","1447202338",4,0
"703","1447203625",3,3
"704","1447216205",1,14
"705","1447223532",13,8
"706","1447254917",0,2
"707","1447268636",22,20
"708","1447274394",6,11
"709","1447299631",13,16
"710","1447302690",20,16
"711","1447308945",24,19
"712","1447314083",0,18
"713","1447319413",9,6
"714","1447331087",18,14
"715","1447368543",17,22
"716","1447427067",5,0
"717","1457307811",9,8
"718","1457328130",4,8
"719","1457328809",9,11
"720","1457332587",11,10
"721","1457342123",12,9
"722","1457345696",0,8
"723","1457348781",13,6
"724","1457370835",4,9
"725","1457383150",25,20
"726","1457400913",14,19
"727","1457442097",0,19
"728","1457455636",0,16
"729","1457464760",11,13
"730","1457464778",11,15
"731","1457508731",3,2
"732","1457519340",17,11
"733","1457548497",9,3
"734","1467416131",1,18
"735","1467426643",4,6
"736","1467428573",18,16
"737","1467430157",1,18
"738","1467433904",0,0
"739","1467446575",2,17
"740","1467453506",11,17
"741","1467475764",0,8
"742","1467479907",0,12
"743","1467480616",11,11
"744","1467484071",14,13
"745","1467484519",15,9
"746","1467526251",7,8
"747","1467542779",4,16
"748","1467613216",13,11
"749","1467614057",0,0
"750","1467637298",22,18
"751","1467641910",0,10
"752","1467652933",0,0
"753","1477513794",0,4
"754","1477530012",0,23
"755","1477531036",24,5
"756","1477534592",8,11
"757","1477545572",3,9
"758","1477552248",4,12
"759","1477554566",6,12
"760","1477555829",5,14
"761","1477561918",17,10
"762","1477574531",1,4
"763","1477585008",2,16
"764","1477630390",3,22
"765","1477639292",25,17
"766","1477649424",27,12
"767","1477653657",6,0
"768","1477714905",13,10
"769","1477737096",2,6
"770","1487603411",0,0
"771","1487631420",15,12
"772","1487632568",19,6
"773","1487636486",25,21
"774","1487642682",7,10
"775","1487650743",17,10
"776","1487652061",25,21
"777","1487657888",21,14
"778","1487661104",9,13
"779","1487681482",12,7
"780","1487681896",9,6
"781","1487685228",10,13
"782","1487722922",10,11
"783","1487748158",8,9
"784","1487816005",16,8
"785","1487858791",12,3
"786","1497702765",8,4
"787","1497708119",5,3
"788","1497710818",9,12
"789","1497715460",7,6
"790","1497723688",7,8
"791","1497750673",16,12
"792","1497753883",0,11
"793","1497758791",0,17
"794","1497766547",7,12
"795","1497770580",5,8
"796","1497772958",2,21
"797","1497791081",1,13
"798","1497797641",10,11
"799","1497815807",12,14
"800","1497831424",7,12
"801","1497857080",16,18
"802","1497892996",15,5
"803","1497944813",5,5
"804","1497944862",0,9
"805","1497959332",1,3
"806","1508802182",19,8
"807","1508826579",7,8
"808","1508837170",15,10
"809","1508844341",22,10
"810","1508846262",19,21
"811","1508851783",11,9
"812","1508864364",0,0
"813","1508883497",2,11
"814","1508949603",13,20
"815","1508957507",12,6
"816","1518013358",5,10
"817","1518016807",0,0
"818","1518054691",9,16
"819","1518068162",15,9
"820","1518113992",0,15
"821","1518138486",13,11
"822","1518169630",3,0
"823","1518186089",0,0
"824","1518919661",11,12
"825","1518944495",18,4
"826","1518952696",0,0
"827","1518955715",5,10
"828","1518987643",3,3
"829","1528022985",10,12
"830","1528025129",12,9
"831","1528029139",14,22
"832","1528039286",13,18
"833","1528059045",9,3
"834","1528059995",6,1
"835","1528069986",6,5
"836","1528081148",24,13
"837","1528094414",4,3
"838","1528095387",13,14
"839","1528099132",9,25
"840","1528099926",11,8
"841","1528103397",6,6
"842","1528110244",5,25
"843","1528121035",19,23
"844","1528141942",10,3
"845","1528147832",0,7
"846","1528154812",4,4
"847","1528159027",13,10
"848","1528172392",21,15
"849","1528277092",0,0
"850","1528399854",18,13
"851","1538104427",7,13
"852","1538105358",15,8
"853","1538106703",4,14
"854","1538112636",3,4
"855","1538141296",15,9
"856","1538152681",2,13
"857","1538153366",15,11
"858","1538153705",15,13
"859","1538163902",11,13
"860","1538165584",19,18
"861","1538181730",18,12
"862","1538194451",5,9
"863","1538266507",20,22
"864","1538275425",7,13
"865","1538277603",17,20
"866","1538278890",0,12
"867","1538322995",15,12
"868","1538346093",12,7
"869","1538362058",7,14
"870","1548201619",12,14
"871","1548208473",21,12
"872","1548227275",5,9
"873","1548228190",19,14
"874","1548230436",7,14
"875","1548251713",21,10
"876","1548254840",8,20
"877","1548263858",21,18
"878","1548265523",15,9
"879","1548265796",0,24
"880","1548289184",11,9
"881","1548320187",18,16
"882","1548324205",18,9
"883","1548325707",6,6
"884","1548356454",19,8
"885","1548373855",13,17
"886","1548379431",0,14
"887","1548423908",2,1
"888","1548438625",15,9
"889","1558303354",22,20
"890","1558312637",8,13
"891","1558327742",9,15
"892","1558332072",10,14
"893","1558337485",0,9
"894","1558345306",18,16
"895","1558364430",9,9
"896","1558364505",28,12
"897","1558366526",15,19
"898","1558366682",10,8
"899","1558371591",11,13
"900","1558380964",5,3
"901","1558397505",3,12
"902","1558432377",8,17
"903","1558450080",4,14
"904","1558456707",8,10
"905","1558463802",15,14
"906","1558493775",9,8
"907","1558518332",2,2
"908","1568445096",15,9
"909","1568451912",2,13
"910","1568457752",0,15
"911","1568462042",4,7
"912","1568472645",3,1
"913","1568481299",1,6
"914","1568481331",0,8
"915","1568526580",20,10
"916","1568536043",8,13
"917","1568609113",5,8
"918","1568618809",1,0
"919","1568620300",14,11
"920","1568625192",25,13
"921","1578524393",4,14
"922","1578535837",11,18
"923","1578538732",8,23
"924","1578541652",21,14
"925","1578541991",18,21
"926","1578552550",0,11
"927","1578568556",0,9
"928","1578577375",0,13
"929","1578582466",21,15
"930","1578614343",11,15
"931","1578634614",11,12
"932","1578652228",17,14
"933","1578652921",3,3
"934","1578708897",1,3
"935","1578739793",4,7
"936","1588601793",24,23
"937","1588606602",17,13
"938","1588613665",0,0
"939","1588617302",5,9
"940","1588627749",12,21
"941","1588627988",9,15
"942","1588628911",8,17
"943","1588636039",15,9
"944","1588663652",0,21
"945","1588664379",5,17
"946","1588669469",0,16
"947","1588683148",8,16
"948","1588687750",13,13
"949","1588697908",12,14
"950","1588703995",19,21
"951","1588706907",4,4
"952","1588733141",16,13
"953","1588736268",0,11
"954","1588823561",7,11
"955","1588834691",21,10
"956","1598729964",16,6
"957","1598742637",11,17
"958","1598756793",0,19
"959","1598760944",0,4
"960","1598772378",14,12
"961","1598772923",8,13
"962","1598793796",10,10
"963","1598794018",19,14
"964","1598796930",11,13
"965","1598861668",22,12
"966","1598862286",0,0
"967","1598914129",5,1
"968","1609039155",0,12
"969","1609049279",0,0
"970","1609801398",10,13
"971","1609808393",10,7
"972","1609813468",24,12
"973","1609839919",3,16
"974","1609842749",2,20
"975","1609853571",19,12
"976","1609859123",25,18
"977","1609861046",0,5
"978","1609867050",2,12
"979","1609867845",0,21
"980","1609868074",0,15
"981","1609874460",21,17
"982","1609875442",4,13
"983","1609921576",6,9
"984","1609936400",17,11
"985","1609968833",25,23
"986","1609985837",2,4
"987","1619036076",1,3
"988","1619047917",4,8
"989","1619058989",0,0
"990","1619068814",14,10
"991","1619083425",12,26
"992","1619085008",8,9
"993","1619086873",16,14
"994","1619088747",6,20
"995","1619170354",8,12
"996","1619174554",13,3
"997","1619174646",7,5
"998","1619911997",17,19
"999","1619912847",0,2
"1000","1619956240",16,17
"1001","1619974433",6,13
"1002","1629062989",4,8
"1003","1629063888",23,17
"1004","1629077078",3,10
"1005","1629098991",21,13
"1006","1629122775",0,13
"1007","1629134424",8,10
"1008","1629138540",21,15
"1009","1629179304",4,8
"1010","1629232251",3,3
"1011","1629279799",9,5
"1012","1639108483",25,17
"1013","1639110307",21,15
"1014","1639115157",6,12
"1015","1639128135",7,8
"1016","1639130529",10,10
"1017","1639135171",19,9
"1018","1639160187",14,8
"1019","1639173123",0,0
"1020","1639183205",0,0
"1021","1639230063",0,7
"1022","1639254196",13,11
"1023","1639274475",16,16
"1024","1649202797",13,5
"1025","1649206053",20,6
"1026","1649211780",0,8
"1027","1649212911",14,13
"1028","1649221425",1,5
"1029","1649232497",16,10
"1030","1649260746",3,2
"1031","1649271859",6,11
"1032","1649281528",16,13
"1033","1649345034",11,6
"1034","1649361072",22,21
"1035","1649378704",0,15
"1036","1649464835",8,5
"1037","1649492554",15,9
"1038","1659328011",19,16
"1039","1659339141",20,14
"1040","1659340859",0,14
"1041","1659356657",18,14
"1042","1659361848",11,9
"1043","1659374098",6,5
"1044","1659374809",18,11
"1045","1659392520",9,9
"1046","1659394294",15,12
"1047","1659440444",17,5
"1048","1659463347",3,13
"1049","1659483378",9,1
"1050","1659578789",16,13
"1051","1669400180",11,6
"1052","1669406492",21,22
"1053","1669408498",3,0
"1054","1669414892",13,16
"1055","1669421459",21,11
"1056","1669429569",0,9
"1057","1669430666",18,17
"1058","1669431268",7,10
"1059","1669432746",11,17
"1060","1669440137",24,13
"1061","1669441101",21,13
"1062","1669447546",2,3
"1063","1669451886",1,10
"1064","1669456349",6,7
"1065","1669470498",8,10
"1066","1669470829",18,8
"1067","1669477626",15,14
"1068","1669497459",18,24
"1069","1669511275",2,3
"1070","1669521845",0,0
"1071","1669526331",0,0
"1072","1669529780",5,10
"1073","1669570487",15,16
"1074","1669580759",20,7
"1075","1669587119",12,3
"1076","1669633418",9,6
"1077","1669675229",3,0
"1078","1669699518",0,9
"1079","1679505374",19,17
"1080","1679505614",0,5
"1081","1679514327",0,17
"1082","1679529234",10,12
"1083","1679543235",0,17
"1084","1679546055",0,13
"1085","1679562821",16,14
"1086","1679569214",8,14
"1087","1679577191",12,12
"1088","1679583553",13,21
"1089","1679663660",3,0
"1090","1679682702",21,20
"1091","1679777064",19,19
"1092","1689600363",18,14
"1093","1689616955",13,5
"1094","1689627192",0,0
"1095","1689639916",2,0
"1096","1689640575",11,11
"1097","1689644973",6,13
"1098","1689653362",13,17
"1099","1689672966",21,23
"1100","1689679730",6,5
"1101","1689682908",7,11
"1102","1689698938",21,15
"1103","1689705188",0,9
"1104","1689716912",0,0
"1105","1689729394",3,15
"1106","1689734246",0,3
"1107","1689745465",8,13
"1108","1689787905",1,6
"1109","1689880163",9,8
"1110","1699720466",3,9
"1111","1699734871",1,5
"1112","1699747063",13,9
"1113","1699756080",10,19
"1114","1699758110",20,16
"1115","1699770586",0,21
"1116","1699771584",0,13
"1117","1699786913",1,5
"1118","1699796185",0,6
"1119","1699851014",2,8
"1120","1699851428",0,8
"1121","1699866301",5,13
"1122","1699870675",5,12
"1123","1699878587",10,11
"1124","1699945543",0,17
"1125","1699947499",7,12
"1126","1699988899",19,14
"1127","1700051919",4,4
"1128","1700808581",11,12
"1129","1700814233",0,8
"1130","1700823325",16,13
"1131","1700849130",7,4
"1132","1700869716",0,7
"1133","1700870904",0,16
"1134","1700879210",0,15
"1135","1700948759",13,10
"1136","1700967130",26,15
"1137","1700969763",3,16
"1138","1700973716",0,10
"1139","1700996311",19,16
"1140","1710040688",0,8
"1141","1710043757",14,9
"1142","1710043799",0,0
"1143","1710083050",20,11
"1144","1710121934",29,14
"1145","1710184148",4,2
"1146","1710937776",4,4
"1147","1710937867",8,6
"1148","1710939541",28,22
"1149","1710954169",3,0
"1150","1710969746",21,10
"1151","1710980016",1,10
"1152","1720009525",21,23
"1153","1720014574",19,14
"1154","1720022759",18,18
"1155","1720043383",0,0
"1156","1720057060",3,13
"1157","1720062037",19,17
"1158","1720062763",22,15
"1159","1720068455",19,8
"1160","1720076185",22,10
"1161","1720082118",17,19
"1162","1720083306",1,12
"1163","1720138498",13,10
"1164","1720161169",23,10
"1165","1720169691",14,7
"1166","1720181316",6,19
"1167","1720205917",2,6
"1168","1720242514",8,7
"1169","1720273485",13,5
"1170","1730100595",21,18
"1171","1730108903",9,5
"1172","1730140518",11,13
"1173","1730150921",18,13
"1174","1730158924",5,12
"1175","1730181868",10,13
"1176","1730185810",23,11
"1177","1730205279",4,4
"1178","1730230533",0,15
"1179","1730238288",11,5
"1180","1730273806",4,6
"1181","1730275256",25,17
"1182","1730281957",0,20
"1183","1730287236",0,3
"1184","1730295627",6,10
"1185","1730341181",0,0
"1186","1730355116",6,0
"1187","1730359100",9,7
"1188","1740219989",16,14
"1189","1740240126",5,19
"1190","1740250976",7,6
"1191","1740271212",19,9
"1192","1740296839",18,20
"1193","1740326941",4,9
"1194","1740360486",14,6
"1195","1740372457",5,18
"1196","1740375047",0,11
"1197","1740376706",5,3
"1198","1740388602",1,5
"1199","1740395763",9,7
"1200","1740454032",0,15
"1201","1740457258",8,3
"1202","1740457548",21,10
"1203","1750300018",1,21
"1204","1750325403",5,22
"1205","1750348967",11,5
"1206","1750354551",19,14
"1207","1750358123",0,16
"1208","1750371977",12,15
"1209","1750375556",1,9
"1210","1750386736",15,9
"1211","1750396313",24,22
"1212","1750422911",1,17
"1213","1750453742",15,5
"1214","1750474524",17,20
"1215","1750478830",3,0
"1216","1750490330",5,9
"1217","1750494829",18,14
"1218","1750598744",14,3
"1219","1760406763",20,9
"1220","1760408678",19,15
"1221","1760421606",14,12
"1222","1760424758",11,11
"1223","1760449144",12,11
"1224","1760462048",0,9
"1225","1760468409",12,14
"1226","1760475156",5,10
"1227","1760492631",0,18
"1228","1760550271",11,14
"1229","1760578272",3,5
"1230","1760645790",6,2
"1231","1760667836",15,20
"1232","1770533515",23,16
"1233","1770538316",0,3
"1234","1770556078",13,9
"1235","1770560096",22,6
"1236","1770560658",17,10
"1237","1770568560",11,16
"1238","1770578833",9,8
"1239","1770581688",10,17
"1240","1770586075",3,9
"1241","1770594376",15,9
"1242","1770656670",15,11
"1243","1770661464",0,10
"1244","1770661571",10,9
"1245","1770664294",0,14
"1246","1770666133",4,3
"1247","1770724635",8,7
"1248","1770773012",6,3
"1249","1770786287",8,12
"1250","1770886285",0,4
"1251","1780604678",0,16
"1252","1780606970",8,7
"1253","1780607192",25,20
"1254","1780607622",19,14
"1255","1780609388",0,15
"1256","1780619692",7,16
"1257","1780621730",18,10
"1258","1780624577",8,11
"1259","1780645473",12,9
"1260","1780673715",15,10
"1261","1780675124",19,14
"1262","1780681478",10,15
"1263","1780683052",22,16
"1264","1780684902",24,8
"1265","1780757211",11,11
"1266","1780758482",9,19
"1267","1780769463",12,13
"1268","1780775353",15,18
"1269","1780823419",13,13
"1270","1790717841",0,3
"1271","1790719227",0,0
"1272","1790746220",28,25
"1273","1790757151",13,18
"1274","1790779643",17,7
"1275","1790780633",10,0
"1276","1790784502",11,12
"1277","1790794303",7,8
"1278","1790795433",12,12
"1279","1790860633",16,13
"1280","1790877603",0,14
"1281","1790882249",0,0
"1282","1790882405",7,7
"1283","1790883544",0,8
"1284","1790894723",4,5
"1285","1790897338",0,9
"1286","1790945046",7,5
"1287","1801006762",18,10
"1288","1801043211",18,18
"1289","1801078886",0,10
"1290","1801191184",0,0
"1291","1801803150",21,12
"1292","1801817424",10,11
"1293","1801825096",11,8
"1294","1801830864",12,13
"1295","1801838701",21,15
"1296","1801872924",0,12
"1297","1801894316",1,8
"1298","1801896030",10,14
"1299","1801898978",11,11
"1300","1801903349",15,23
"1301","1801909544",0,0
"1302","1801934021",10,17
"1303","1801952767",6,17
"1304","1801962956",13,8
"1305","1801981683",30,19
"1306","1801983473",0,0
"1307","1801989074",7,14
"1308","1801994637",9,10
"1309","1801995279",8,16
"1310","1801998109",4,0
"1311","1801998687",0,17
"1312","1811062698",4,4
"1313","1811082571",15,23
"1314","1811907249",13,15
"1315","1811907710",12,23
"1316","1811916208",1,6
"1317","1811939101",18,15
"1318","1811940042",13,10
"1319","1811954381",0,14
"1320","1811975493",0,5
"1321","1811979735",3,24
"1322","1811991433",15,5
"1323","1811992019",8,12
"1324","1811992365",12,12
"1325","1811998412",0,6
"1326","1821010307",12,20
"1327","1821023854",0,8
"1328","1821057233",9,11
"1329","1821069360",14,5
"1330","1821069741",14,8
"1331","1821071333",3,2
"1332","1821092800",3,14
"1333","1821096553",9,11
"1334","1821136052",14,8
"1335","1821146499",17,22
"1336","1821198565",8,5
"1337","1831114552",20,11
"1338","1831119932",8,7
"1339","1831127042",2,2
"1340","1831129931",21,16
"1341","1831178854",12,6
"1342","1831203413",5,17
"1343","1831228386",8,9
"1344","1831262815",2,6
"1345","1831270727",17,14
"1346","1841208063",20,17
"1347","1841225786",24,18
"1348","1841233129",2,0
"1349","1841261369",13,14
"1350","1841275914",25,20
"1351","1841277746",0,6
"1352","1841288388",28,26
"1353","1841294204",21,9
"1354","1841294584",0,8
"1355","1841298932",6,7
"1356","1841336252",0,13
"1357","1841386299",7,9
"1358","1841389061",0,3
"1359","1841451937",0,1
"1360","1841485364",3,2
"1361","1851300826",25,20
"1362","1851307987",14,10
"1363","1851308068",0,14
"1364","1851310254",24,9
"1365","1851327654",0,20
"1366","1851336846",23,18
"1367","1851366496",6,7
"1368","1851380299",5,10
"1369","1851382048",18,17
"1370","1851384762",0,15
"1371","1851390173",25,22
"1372","1851393847",2,15
"1373","1851398895",1,7
"1374","1851409965",8,10
"1375","1851457444",7,7
"1376","1851465918",21,13
"1377","1851466429",0,6
"1378","1851482228",11,13
"1379","1851494769",14,9
"1380","1851595839",20,14
"1381","1851689046",1,0
"1382","1861446460",12,8
"1383","1861451056",3,9
"1384","1861469595",21,17
"1385","1861496143",15,10
"1386","1861521239",0,12
"1387","1861525313",0,19
"1388","1861567174",8,7
"1389","1861573297",8,3
"1390","1861654584",0,0
"1391","1861686545",12,9
"1392","1871505883",7,10
"1393","1871522359",0,0
"1394","1871523217",12,7
"1395","1871523662",3,7
"1396","1871528190",8,3
"1397","1871546192",0,20
"1398","1871556274",18,20
"1399","1871562769",3,20
"1400","1871564963",14,21
"1401","1871575217",21,11
"1402","1871576025",7,20
"1403","1871586099",3,11
"1404","1871588210",0,7
"1405","1871600510",15,19
"1406","1871604645",2,11
"1407","1871664565",15,7
"1408","1871724781",1,21
"1409","1871754846",2,2
"1410","1881603884",16,16
"1411","1881613842",23,17
"1412","1881623452",11,7
"1413","1881624633",10,5
"1414","1881646552",4,15
"1415","1881664092",0,15
"1416","1881690022",7,1
"1417","1881697605",17,5
"1418","1881699221",2,5
"1419","1881701324",10,26
"1420","1881702272",22,17
"1421","1881709962",17,16
"1422","1881756757",0,4
"1423","1881792307",16,13
"1424","1881792604",0,0
"1425","1881852366",6,2
"1426","1881888642",21,11
"1427","1881894566",0,18
"1428","1881920114",19,8
"1429","1891705448",8,14
"1430","1891728390",3,6
"1431","1891736740",1,2
"1432","1891739728",13,8
"1433","1891759130",13,8
"1434","1891759635",1,4
"1435","1891761763",10,5
"1436","1891777553",15,10
"1437","1891788337",3,18
"1438","1891790556",17,11
"1439","1891790770",9,6
"1440","1891793535",14,14
"1441","1891794921",9,14
"1442","1891808754",8,16
"1443","1891841920",4,12
"1444","1891842969",0,2
"1445","1891879367",0,10
"1446","1891942926",18,15
"1447","1891951455",0,0
"1448","1902009137",10,12
"1449","1902805989",0,24
"1450","1902850522",8,16
"1451","1902858319",15,17
"1452","1902862782",6,13
"1453","1902877442",11,9
"1454","1902881816",15,13
"1455","1902883812",1,20
"1456","1902890841",22,10
"1457","1902895733",16,20
"1458","1902895998",7,10
"1459","1902917487",8,6
"1460","1902958473",26,17
"1461","1902986938",9,9
"1462","1902996101",0,13
"1463","1902996846",10,18
"1464","1902997695",0,9
"1465","1912014200",0,0
"1466","1912015231",4,18
"1467","1912016999",1,11
"1468","1912091349",2,4
"1469","1912101528",12,6
"1470","1912103516",13,8
"1471","1912128596",15,12
"1472","1912140781",0,0
"1473","1912210691",16,11
"1474","1912226416",14,10
"1475","1912916032",9,2
"1476","1912917394",21,12
"1477","1912919457",8,8
"1478","1912979741",12,11
"1479","1912985904",3,2
"1480","1912987967",15,18
"1481","1912994328",12,10
"1482","1912995184",11,10
"1483","1922002443",9,14
"1484","1922007038",13,10
"1485","1922018357",23,21
"1486","1922026251",0,1
"1487","1922029503",0,7
"1488","1922035229",0,17
"1489","1922038785",8,6
"1490","1922041474",4,3
"1491","1922054394",21,15
"1492","1922059062",14,20
"1493","1922082387",7,7
"1494","1922082742",0,6
"1495","1922083179",7,7
"1496","1922084797",9,3
"1497","1922087766",6,21
"1498","1922089655",11,8
"1499","1922093491",0,0
"1500","1922106798",16,8
"1501","1922116797",12,15
"1502","1922122894",2,3
"1503","1922139377",15,12
"1504","1922146943",9,13
"1505","1922192343",13,18
"1506","1922274869",17,13
"1507","1932111762",10,9
"1508","1932121969",4,23
"1509","1932134491",0,16
"1510","1932136827",9,17
"1511","1932144060",9,8
"1512","1932157559",13,20
"1513","1932163839",7,6
"1514","1932188489",6,5
"1515","1932195419",5,23
"1516","1932217304",1,8
"1517","1932285772",0,10
"1518","1932360997",6,1
"1519","1942203302",7,9
"1520","1942204458",6,3
"1521","1942205935",12,15
"1522","1942207980",0,14
"1523","1942208483",0,21
"1524","1942211081",17,18
"1525","1942218151",17,16
"1526","1942223920",12,14
"1527","1942232483",8,3
"1528","1942251095",10,7
"1529","1942255096",0,0
"1530","1942265988",16,25
"1531","1942270145",0,10
"1532","1942274980",19,10
"1533","1942294657",19,7
"1534","1942308788",8,2
"1535","1942339486",8,9
"1536","1942371182",9,10
"1537","1942374103",17,18
"1538","1942406699",13,8
"1539","1942406756",4,5
"1540","1952304115",18,13
"1541","1952304388",0,0
"1542","1952305559",7,6
"1543","1952361230",2,8
"1544","1952362261",5,11
"1545","1952362592",4,9
"1546","1952368920",8,4
"1547","1952372245",24,17
"1548","1952389355",17,12
"1549","1952392466",10,16
"1550","1952396590",15,15
"1551","1952397614",9,8
"1552","1952400525",5,3
"1553","1952416216",19,8
"1554","1952598179",0,12
"1555","1962400747",13,12
"1556","1962403519",20,16
"1557","1962419218",27,17
"1558","1962449983",14,18
"1559","1962451054",3,3
"1560","1962459420",17,12
"1561","1962460931",15,9
"1562","1962469445",19,9
"1563","1962471854",3,19
"1564","1962479287",11,21
"1565","1962483917",25,9
"1566","1962494989",4,8
"1567","1962498311",0,7
"1568","1962503995",12,8
"1569","1962514992",0,8
"1570","1962593673",3,21
"1571","1962596783",1,13
"1572","1962600213",0,0
"1573","1972505683",9,15
"1574","1972535706",11,8
"1575","1972539112",13,25
"1576","1972566230",12,5
"1577","1972572865",2,12
"1578","1972581122",12,13
"1579","1972585628",2,0
"1580","1972607000",0,4
"1581","1972611242",0,16
"1582","1972616993",0,8
"1583","1972648707",21,18
"1584","1972663656",19,21
"1585","1972689966",11,11
"1586","1972777936",9,4
"1587","1982601191",15,8
"1588","1982604435",14,10
"1589","1982608444",6,2
"1590","1982609780",10,9
"1591","1982615639",23,24
"1592","1982634234",17,11
"1593","1982644910",3,8
"1594","1982654901",23,22
"1595","1982663977",0,13
"1596","1982697033",6,14
"1597","1982785317",26,21
"1598","1982802476",10,11
"1599","1982855631",4,1
"1600","1992703367",7,10
"1601","1992708150",14,17
"1602","1992720742",11,0
"1603","1992735773",6,9
"1604","1992736441",26,17
"1605","1992739478",2,18
"1606","1992757231",13,10
"1607","1992770630",3,19
"1608","1992785612",20,11
"1609","1992789374",10,15
"1610","1992847552",16,13
"1611","1992880793",0,5
"1612","1992891386",3,5
"1613","1992896518",3,19
"1614","1992922751",26,5
